set,birdName,filename,size,height,width,format,mode
test,ABBOTTS BABBLER,1.jpg,"(224, 224)",224,224,JPEG,RGB
test,ABBOTTS BABBLER,100.jpg,"(224, 224)",224,224,JPEG,RGB
test,ABBOTTS BABBLER,12.jpg,"(224, 224)",224,224,JPEG,RGB
test,ABBOTTS BABBLER,125.jpg,"(224, 224)",224,224,JPEG,RGB
test,ABBOTTS BABBLER,139.jpg,"(224, 224)",224,224,JPEG,RGB
test,ABBOTTS BABBLER,151.jpg,"(224, 224)",224,224,JPEG,RGB
test,ABBOTTS BABBLER,155.jpg,"(224, 224)",224,224,JPEG,RGB
test,ABBOTTS BABBLER,165.jpg,"(224, 224)",224,224,JPEG,RGB
test,ABBOTTS BABBLER,166.jpg,"(224, 224)",224,224,JPEG,RGB
test,ABBOTTS BABBLER,2.jpg,"(224, 224)",224,224,JPEG,RGB
test,ABBOTTS BABBLER,24.jpg,"(224, 224)",224,224,JPEG,RGB
test,ABBOTTS BABBLER,4.jpg,"(224, 224)",224,224,JPEG,RGB
test,ABBOTTS BABBLER,45.jpg,"(224, 224)",224,224,JPEG,RGB
test,ABBOTTS BABBLER,46.jpg,"(224, 224)",224,224,JPEG,RGB
test,ABBOTTS BABBLER,53.jpg,"(224, 224)",224,224,JPEG,RGB
test,ABBOTTS BABBLER,54.jpg,"(224, 224)",224,224,JPEG,RGB
test,ABBOTTS BABBLER,77.jpg,"(224, 224)",224,224,JPEG,RGB
test,ABBOTTS BABBLER,83.jpg,"(224, 224)",224,224,JPEG,RGB
test,ABBOTTS BABBLER,88.jpg,"(224, 224)",224,224,JPEG,RGB
test,ABBOTTS BABBLER,92.jpg,"(224, 224)",224,224,JPEG,RGB
test,ABBOTTS BABBLER,95.jpg,"(224, 224)",224,224,JPEG,RGB
test,ABBOTTS BOOBY,106.jpg,"(224, 224)",224,224,JPEG,RGB
test,ABBOTTS BOOBY,119.jpg,"(224, 224)",224,224,JPEG,RGB
test,ABBOTTS BOOBY,120.jpg,"(224, 224)",224,224,JPEG,RGB
test,ABBOTTS BOOBY,121.jpg,"(224, 224)",224,224,JPEG,RGB
test,ABBOTTS BOOBY,126.jpg,"(224, 224)",224,224,JPEG,RGB
test,ABBOTTS BOOBY,128.jpg,"(224, 224)",224,224,JPEG,RGB
test,ABBOTTS BOOBY,13.jpg,"(224, 224)",224,224,JPEG,RGB
test,ABBOTTS BOOBY,134.jpg,"(224, 224)",224,224,JPEG,RGB
test,ABBOTTS BOOBY,158.jpg,"(224, 224)",224,224,JPEG,RGB
test,ABBOTTS BOOBY,161.jpg,"(224, 224)",224,224,JPEG,RGB
test,ABBOTTS BOOBY,162.jpg,"(224, 224)",224,224,JPEG,RGB
test,ABBOTTS BOOBY,178.jpg,"(224, 224)",224,224,JPEG,RGB
test,ABBOTTS BOOBY,179.jpg,"(224, 224)",224,224,JPEG,RGB
test,ABBOTTS BOOBY,18.jpg,"(224, 224)",224,224,JPEG,RGB
test,ABBOTTS BOOBY,31.jpg,"(224, 224)",224,224,JPEG,RGB
test,ABBOTTS BOOBY,40.jpg,"(224, 224)",224,224,JPEG,RGB
test,ABBOTTS BOOBY,47.jpg,"(224, 224)",224,224,JPEG,RGB
test,ABBOTTS BOOBY,59.jpg,"(224, 224)",224,224,JPEG,RGB
test,ABBOTTS BOOBY,73.jpg,"(224, 224)",224,224,JPEG,RGB
test,ABBOTTS BOOBY,91.jpg,"(224, 224)",224,224,JPEG,RGB
test,ABBOTTS BOOBY,94.jpg,"(224, 224)",224,224,JPEG,RGB
test,ABYSSINIAN GROUND HORNBILL,105.jpg,"(224, 224)",224,224,JPEG,RGB
test,ABYSSINIAN GROUND HORNBILL,115.jpg,"(224, 224)",224,224,JPEG,RGB
test,ABYSSINIAN GROUND HORNBILL,125.jpg,"(224, 224)",224,224,JPEG,RGB
test,ABYSSINIAN GROUND HORNBILL,13.jpg,"(224, 224)",224,224,JPEG,RGB
test,ABYSSINIAN GROUND HORNBILL,143.jpg,"(224, 224)",224,224,JPEG,RGB
test,ABYSSINIAN GROUND HORNBILL,150.jpg,"(224, 224)",224,224,JPEG,RGB
test,ABYSSINIAN GROUND HORNBILL,156.jpg,"(224, 224)",224,224,JPEG,RGB
test,ABYSSINIAN GROUND HORNBILL,164.jpg,"(224, 224)",224,224,JPEG,RGB
test,ABYSSINIAN GROUND HORNBILL,167.jpg,"(224, 224)",224,224,JPEG,RGB
test,ABYSSINIAN GROUND HORNBILL,168.jpg,"(224, 224)",224,224,JPEG,RGB
test,ABYSSINIAN GROUND HORNBILL,43.jpg,"(224, 224)",224,224,JPEG,RGB
test,ABYSSINIAN GROUND HORNBILL,57.jpg,"(224, 224)",224,224,JPEG,RGB
test,ABYSSINIAN GROUND HORNBILL,63.jpg,"(224, 224)",224,224,JPEG,RGB
test,ABYSSINIAN GROUND HORNBILL,66.jpg,"(224, 224)",224,224,JPEG,RGB
test,ABYSSINIAN GROUND HORNBILL,7.jpg,"(224, 224)",224,224,JPEG,RGB
test,ABYSSINIAN GROUND HORNBILL,82.jpg,"(224, 224)",224,224,JPEG,RGB
test,ABYSSINIAN GROUND HORNBILL,83.jpg,"(224, 224)",224,224,JPEG,RGB
test,ABYSSINIAN GROUND HORNBILL,87.jpg,"(224, 224)",224,224,JPEG,RGB
test,ABYSSINIAN GROUND HORNBILL,90.jpg,"(224, 224)",224,224,JPEG,RGB
test,ABYSSINIAN GROUND HORNBILL,97.jpg,"(224, 224)",224,224,JPEG,RGB
test,ABYSSINIAN GROUND HORNBILL,98.jpg,"(224, 224)",224,224,JPEG,RGB
test,AFRICAN CROWNED CRANE,101.jpg,"(224, 224)",224,224,JPEG,RGB
test,AFRICAN CROWNED CRANE,102.jpg,"(224, 224)",224,224,JPEG,RGB
test,AFRICAN CROWNED CRANE,105.jpg,"(224, 224)",224,224,JPEG,RGB
test,AFRICAN CROWNED CRANE,127.jpg,"(224, 224)",224,224,JPEG,RGB
test,AFRICAN CROWNED CRANE,13.jpg,"(224, 224)",224,224,JPEG,RGB
test,AFRICAN CROWNED CRANE,142.jpg,"(224, 224)",224,224,JPEG,RGB
test,AFRICAN CROWNED CRANE,22.jpg,"(224, 224)",224,224,JPEG,RGB
test,AFRICAN CROWNED CRANE,25.jpg,"(224, 224)",224,224,JPEG,RGB
test,AFRICAN CROWNED CRANE,29.jpg,"(224, 224)",224,224,JPEG,RGB
test,AFRICAN CROWNED CRANE,36.jpg,"(224, 224)",224,224,JPEG,RGB
test,AFRICAN CROWNED CRANE,41.jpg,"(224, 224)",224,224,JPEG,RGB
test,AFRICAN CROWNED CRANE,50.jpg,"(224, 224)",224,224,JPEG,RGB
test,AFRICAN CROWNED CRANE,6.jpg,"(224, 224)",224,224,JPEG,RGB
test,AFRICAN CROWNED CRANE,60.jpg,"(224, 224)",224,224,JPEG,RGB
test,AFRICAN CROWNED CRANE,61.jpg,"(224, 224)",224,224,JPEG,RGB
test,AFRICAN CROWNED CRANE,63.jpg,"(224, 224)",224,224,JPEG,RGB
test,AFRICAN CROWNED CRANE,69.jpg,"(224, 224)",224,224,JPEG,RGB
test,AFRICAN CROWNED CRANE,77.jpg,"(224, 224)",224,224,JPEG,RGB
test,AFRICAN CROWNED CRANE,81.jpg,"(224, 224)",224,224,JPEG,RGB
test,AFRICAN CROWNED CRANE,96.jpg,"(224, 224)",224,224,JPEG,RGB
test,AFRICAN CROWNED CRANE,98.jpg,"(224, 224)",224,224,JPEG,RGB
test,AFRICAN EMERALD CUCKOO,106.jpg,"(224, 224)",224,224,JPEG,RGB
test,AFRICAN EMERALD CUCKOO,109.jpg,"(224, 224)",224,224,JPEG,RGB
test,AFRICAN EMERALD CUCKOO,111.jpg,"(224, 224)",224,224,JPEG,RGB
test,AFRICAN EMERALD CUCKOO,120.jpg,"(224, 224)",224,224,JPEG,RGB
test,AFRICAN EMERALD CUCKOO,13.jpg,"(224, 224)",224,224,JPEG,RGB
test,AFRICAN EMERALD CUCKOO,151.jpg,"(224, 224)",224,224,JPEG,RGB
test,AFRICAN EMERALD CUCKOO,154.jpg,"(224, 224)",224,224,JPEG,RGB
test,AFRICAN EMERALD CUCKOO,158.jpg,"(224, 224)",224,224,JPEG,RGB
test,AFRICAN EMERALD CUCKOO,16.jpg,"(224, 224)",224,224,JPEG,RGB
test,AFRICAN EMERALD CUCKOO,163.jpg,"(224, 224)",224,224,JPEG,RGB
test,AFRICAN EMERALD CUCKOO,23.jpg,"(224, 224)",224,224,JPEG,RGB
test,AFRICAN EMERALD CUCKOO,3.jpg,"(224, 224)",224,224,JPEG,RGB
test,AFRICAN EMERALD CUCKOO,31.jpg,"(224, 224)",224,224,JPEG,RGB
test,AFRICAN EMERALD CUCKOO,33.jpg,"(224, 224)",224,224,JPEG,RGB
test,AFRICAN EMERALD CUCKOO,42.jpg,"(224, 224)",224,224,JPEG,RGB
test,AFRICAN EMERALD CUCKOO,48.jpg,"(224, 224)",224,224,JPEG,RGB
test,AFRICAN EMERALD CUCKOO,6.jpg,"(224, 224)",224,224,JPEG,RGB
test,AFRICAN EMERALD CUCKOO,64.jpg,"(224, 224)",224,224,JPEG,RGB
test,AFRICAN EMERALD CUCKOO,69.jpg,"(224, 224)",224,224,JPEG,RGB
test,AFRICAN EMERALD CUCKOO,79.jpg,"(224, 224)",224,224,JPEG,RGB
test,AFRICAN EMERALD CUCKOO,99.jpg,"(224, 224)",224,224,JPEG,RGB
test,AFRICAN FIREFINCH,1.jpg,"(224, 224)",224,224,JPEG,RGB
test,AFRICAN FIREFINCH,134.jpg,"(224, 224)",224,224,JPEG,RGB
test,AFRICAN FIREFINCH,140.jpg,"(224, 224)",224,224,JPEG,RGB
test,AFRICAN FIREFINCH,145.jpg,"(224, 224)",224,224,JPEG,RGB
test,AFRICAN FIREFINCH,18.jpg,"(224, 224)",224,224,JPEG,RGB
test,AFRICAN FIREFINCH,20.jpg,"(224, 224)",224,224,JPEG,RGB
test,AFRICAN FIREFINCH,27.jpg,"(224, 224)",224,224,JPEG,RGB
test,AFRICAN FIREFINCH,29.jpg,"(224, 224)",224,224,JPEG,RGB
test,AFRICAN FIREFINCH,39.jpg,"(224, 224)",224,224,JPEG,RGB
test,AFRICAN FIREFINCH,49.jpg,"(224, 224)",224,224,JPEG,RGB
test,AFRICAN FIREFINCH,51.jpg,"(224, 224)",224,224,JPEG,RGB
test,AFRICAN FIREFINCH,61.jpg,"(224, 224)",224,224,JPEG,RGB
test,AFRICAN FIREFINCH,72.jpg,"(224, 224)",224,224,JPEG,RGB
test,AFRICAN FIREFINCH,77.jpg,"(224, 224)",224,224,JPEG,RGB
test,AFRICAN FIREFINCH,80.jpg,"(224, 224)",224,224,JPEG,RGB
test,AFRICAN FIREFINCH,85.jpg,"(224, 224)",224,224,JPEG,RGB
test,AFRICAN FIREFINCH,86.jpg,"(224, 224)",224,224,JPEG,RGB
test,AFRICAN FIREFINCH,89.jpg,"(224, 224)",224,224,JPEG,RGB
test,AFRICAN FIREFINCH,9.jpg,"(224, 224)",224,224,JPEG,RGB
test,AFRICAN FIREFINCH,94.jpg,"(224, 224)",224,224,JPEG,RGB
test,AFRICAN FIREFINCH,97.jpg,"(224, 224)",224,224,JPEG,RGB
test,AFRICAN OYSTER CATCHER,101.jpg,"(224, 224)",224,224,JPEG,RGB
test,AFRICAN OYSTER CATCHER,106.jpg,"(224, 224)",224,224,JPEG,RGB
test,AFRICAN OYSTER CATCHER,111.jpg,"(224, 224)",224,224,JPEG,RGB
test,AFRICAN OYSTER CATCHER,120.jpg,"(224, 224)",224,224,JPEG,RGB
test,AFRICAN OYSTER CATCHER,133.jpg,"(224, 224)",224,224,JPEG,RGB
test,AFRICAN OYSTER CATCHER,136.jpg,"(224, 224)",224,224,JPEG,RGB
test,AFRICAN OYSTER CATCHER,140.jpg,"(224, 224)",224,224,JPEG,RGB
test,AFRICAN OYSTER CATCHER,146.jpg,"(224, 224)",224,224,JPEG,RGB
test,AFRICAN OYSTER CATCHER,149.jpg,"(224, 224)",224,224,JPEG,RGB
test,AFRICAN OYSTER CATCHER,17.jpg,"(224, 224)",224,224,JPEG,RGB
test,AFRICAN OYSTER CATCHER,24.jpg,"(224, 224)",224,224,JPEG,RGB
test,AFRICAN OYSTER CATCHER,42.jpg,"(224, 224)",224,224,JPEG,RGB
test,AFRICAN OYSTER CATCHER,49.jpg,"(224, 224)",224,224,JPEG,RGB
test,AFRICAN OYSTER CATCHER,5.jpg,"(224, 224)",224,224,JPEG,RGB
test,AFRICAN OYSTER CATCHER,52.jpg,"(224, 224)",224,224,JPEG,RGB
test,AFRICAN OYSTER CATCHER,56.jpg,"(224, 224)",224,224,JPEG,RGB
test,AFRICAN OYSTER CATCHER,71.jpg,"(224, 224)",224,224,JPEG,RGB
test,AFRICAN OYSTER CATCHER,8.jpg,"(224, 224)",224,224,JPEG,RGB
test,AFRICAN OYSTER CATCHER,83.jpg,"(224, 224)",224,224,JPEG,RGB
test,AFRICAN OYSTER CATCHER,91.jpg,"(224, 224)",224,224,JPEG,RGB
test,AFRICAN OYSTER CATCHER,96.jpg,"(224, 224)",224,224,JPEG,RGB
test,AFRICAN PIED HORNBILL,112.jpg,"(224, 224)",224,224,JPEG,RGB
test,AFRICAN PIED HORNBILL,152.jpg,"(224, 224)",224,224,JPEG,RGB
test,AFRICAN PIED HORNBILL,175.jpg,"(224, 224)",224,224,JPEG,RGB
test,AFRICAN PIED HORNBILL,187.jpg,"(224, 224)",224,224,JPEG,RGB
test,AFRICAN PIED HORNBILL,188.jpg,"(224, 224)",224,224,JPEG,RGB
test,AFRICAN PIED HORNBILL,194.jpg,"(224, 224)",224,224,JPEG,RGB
test,AFRICAN PIED HORNBILL,2.jpg,"(224, 224)",224,224,JPEG,RGB
test,AFRICAN PIED HORNBILL,39.jpg,"(224, 224)",224,224,JPEG,RGB
test,AFRICAN PIED HORNBILL,40.jpg,"(224, 224)",224,224,JPEG,RGB
test,AFRICAN PIED HORNBILL,41.jpg,"(224, 224)",224,224,JPEG,RGB
test,AFRICAN PIED HORNBILL,50.jpg,"(224, 224)",224,224,JPEG,RGB
test,AFRICAN PIED HORNBILL,53.jpg,"(224, 224)",224,224,JPEG,RGB
test,AFRICAN PIED HORNBILL,69.jpg,"(224, 224)",224,224,JPEG,RGB
test,AFRICAN PIED HORNBILL,70.jpg,"(224, 224)",224,224,JPEG,RGB
test,AFRICAN PIED HORNBILL,74.jpg,"(224, 224)",224,224,JPEG,RGB
test,AFRICAN PIED HORNBILL,75.jpg,"(224, 224)",224,224,JPEG,RGB
test,AFRICAN PIED HORNBILL,78.jpg,"(224, 224)",224,224,JPEG,RGB
test,AFRICAN PIED HORNBILL,81.jpg,"(224, 224)",224,224,JPEG,RGB
test,AFRICAN PIED HORNBILL,83.jpg,"(224, 224)",224,224,JPEG,RGB
test,AFRICAN PIED HORNBILL,88.jpg,"(224, 224)",224,224,JPEG,RGB
test,AFRICAN PIED HORNBILL,9.jpg,"(224, 224)",224,224,JPEG,RGB
test,AFRICAN PYGMY GOOSE,1.jpg,"(224, 224)",224,224,JPEG,RGB
test,AFRICAN PYGMY GOOSE,106.jpg,"(224, 224)",224,224,JPEG,RGB
test,AFRICAN PYGMY GOOSE,107.jpg,"(224, 224)",224,224,JPEG,RGB
test,AFRICAN PYGMY GOOSE,11.jpg,"(224, 224)",224,224,JPEG,RGB
test,AFRICAN PYGMY GOOSE,144.jpg,"(224, 224)",224,224,JPEG,RGB
test,AFRICAN PYGMY GOOSE,15.jpg,"(224, 224)",224,224,JPEG,RGB
test,AFRICAN PYGMY GOOSE,170.jpg,"(224, 224)",224,224,JPEG,RGB
test,AFRICAN PYGMY GOOSE,176.jpg,"(224, 224)",224,224,JPEG,RGB
test,AFRICAN PYGMY GOOSE,183.jpg,"(224, 224)",224,224,JPEG,RGB
test,AFRICAN PYGMY GOOSE,189.jpg,"(224, 224)",224,224,JPEG,RGB
test,AFRICAN PYGMY GOOSE,2.jpg,"(224, 224)",224,224,JPEG,RGB
test,AFRICAN PYGMY GOOSE,21.jpg,"(224, 224)",224,224,JPEG,RGB
test,AFRICAN PYGMY GOOSE,24.jpg,"(224, 224)",224,224,JPEG,RGB
test,AFRICAN PYGMY GOOSE,27.jpg,"(224, 224)",224,224,JPEG,RGB
test,AFRICAN PYGMY GOOSE,37.jpg,"(224, 224)",224,224,JPEG,RGB
test,AFRICAN PYGMY GOOSE,39.jpg,"(224, 224)",224,224,JPEG,RGB
test,AFRICAN PYGMY GOOSE,49.jpg,"(224, 224)",224,224,JPEG,RGB
test,AFRICAN PYGMY GOOSE,65.jpg,"(224, 224)",224,224,JPEG,RGB
test,AFRICAN PYGMY GOOSE,71.jpg,"(224, 224)",224,224,JPEG,RGB
test,AFRICAN PYGMY GOOSE,94.jpg,"(224, 224)",224,224,JPEG,RGB
test,AFRICAN PYGMY GOOSE,96.jpg,"(224, 224)",224,224,JPEG,RGB
test,ALBATROSS,101.jpg,"(224, 224)",224,224,JPEG,RGB
test,ALBATROSS,102.jpg,"(224, 224)",224,224,JPEG,RGB
test,ALBATROSS,104.jpg,"(224, 224)",224,224,JPEG,RGB
test,ALBATROSS,108.jpg,"(224, 224)",224,224,JPEG,RGB
test,ALBATROSS,110.jpg,"(224, 224)",224,224,JPEG,RGB
test,ALBATROSS,120.jpg,"(224, 224)",224,224,JPEG,RGB
test,ALBATROSS,137.jpg,"(224, 224)",224,224,JPEG,RGB
test,ALBATROSS,138.jpg,"(224, 224)",224,224,JPEG,RGB
test,ALBATROSS,18.jpg,"(224, 224)",224,224,JPEG,RGB
test,ALBATROSS,27.jpg,"(224, 224)",224,224,JPEG,RGB
test,ALBATROSS,30.jpg,"(224, 224)",224,224,JPEG,RGB
test,ALBATROSS,54.jpg,"(224, 224)",224,224,JPEG,RGB
test,ALBATROSS,61.jpg,"(224, 224)",224,224,JPEG,RGB
test,ALBATROSS,67.jpg,"(224, 224)",224,224,JPEG,RGB
test,ALBATROSS,69.jpg,"(224, 224)",224,224,JPEG,RGB
test,ALBATROSS,70.jpg,"(224, 224)",224,224,JPEG,RGB
test,ALBATROSS,75.jpg,"(224, 224)",224,224,JPEG,RGB
test,ALBATROSS,78.jpg,"(224, 224)",224,224,JPEG,RGB
test,ALBATROSS,89.jpg,"(224, 224)",224,224,JPEG,RGB
test,ALBATROSS,91.jpg,"(224, 224)",224,224,JPEG,RGB
test,ALBATROSS,95.jpg,"(224, 224)",224,224,JPEG,RGB
train,ABBOTTS BABBLER,102.jpg,"(224, 224)",224,224,JPEG,RGB
train,ABBOTTS BABBLER,103.jpg,"(224, 224)",224,224,JPEG,RGB
train,ABBOTTS BABBLER,104.jpg,"(224, 224)",224,224,JPEG,RGB
train,ABBOTTS BABBLER,105.jpg,"(224, 224)",224,224,JPEG,RGB
train,ABBOTTS BABBLER,106.jpg,"(224, 224)",224,224,JPEG,RGB
train,ABBOTTS BABBLER,107.jpg,"(224, 224)",224,224,JPEG,RGB
train,ABBOTTS BABBLER,109.jpg,"(224, 224)",224,224,JPEG,RGB
train,ABBOTTS BABBLER,110.jpg,"(224, 224)",224,224,JPEG,RGB
train,ABBOTTS BABBLER,111.jpg,"(224, 224)",224,224,JPEG,RGB
train,ABBOTTS BABBLER,112.jpg,"(224, 224)",224,224,JPEG,RGB
train,ABBOTTS BABBLER,113.jpg,"(224, 224)",224,224,JPEG,RGB
train,ABBOTTS BABBLER,114.jpg,"(224, 224)",224,224,JPEG,RGB
train,ABBOTTS BABBLER,115.jpg,"(224, 224)",224,224,JPEG,RGB
train,ABBOTTS BABBLER,116.jpg,"(224, 224)",224,224,JPEG,RGB
train,ABBOTTS BABBLER,117.jpg,"(224, 224)",224,224,JPEG,RGB
train,ABBOTTS BABBLER,119.jpg,"(224, 224)",224,224,JPEG,RGB
train,ABBOTTS BABBLER,122.jpg,"(224, 224)",224,224,JPEG,RGB
train,ABBOTTS BABBLER,126.jpg,"(224, 224)",224,224,JPEG,RGB
train,ABBOTTS BABBLER,128.jpg,"(224, 224)",224,224,JPEG,RGB
train,ABBOTTS BABBLER,129.jpg,"(224, 224)",224,224,JPEG,RGB
train,ABBOTTS BABBLER,130.jpg,"(224, 224)",224,224,JPEG,RGB
train,ABBOTTS BABBLER,131.jpg,"(224, 224)",224,224,JPEG,RGB
train,ABBOTTS BABBLER,132.jpg,"(224, 224)",224,224,JPEG,RGB
train,ABBOTTS BABBLER,133.jpg,"(224, 224)",224,224,JPEG,RGB
train,ABBOTTS BABBLER,134.jpg,"(224, 224)",224,224,JPEG,RGB
train,ABBOTTS BABBLER,135.jpg,"(224, 224)",224,224,JPEG,RGB
train,ABBOTTS BABBLER,136.jpg,"(224, 224)",224,224,JPEG,RGB
train,ABBOTTS BABBLER,137.jpg,"(224, 224)",224,224,JPEG,RGB
train,ABBOTTS BABBLER,14.jpg,"(224, 224)",224,224,JPEG,RGB
train,ABBOTTS BABBLER,140.jpg,"(224, 224)",224,224,JPEG,RGB
train,ABBOTTS BABBLER,142.jpg,"(224, 224)",224,224,JPEG,RGB
train,ABBOTTS BABBLER,143.jpg,"(224, 224)",224,224,JPEG,RGB
train,ABBOTTS BABBLER,144.jpg,"(224, 224)",224,224,JPEG,RGB
train,ABBOTTS BABBLER,146.jpg,"(224, 224)",224,224,JPEG,RGB
train,ABBOTTS BABBLER,147.jpg,"(224, 224)",224,224,JPEG,RGB
train,ABBOTTS BABBLER,148.jpg,"(224, 224)",224,224,JPEG,RGB
train,ABBOTTS BABBLER,150.jpg,"(224, 224)",224,224,JPEG,RGB
train,ABBOTTS BABBLER,153.jpg,"(224, 224)",224,224,JPEG,RGB
train,ABBOTTS BABBLER,154.jpg,"(224, 224)",224,224,JPEG,RGB
train,ABBOTTS BABBLER,157.jpg,"(224, 224)",224,224,JPEG,RGB
train,ABBOTTS BABBLER,158.jpg,"(224, 224)",224,224,JPEG,RGB
train,ABBOTTS BABBLER,159.jpg,"(224, 224)",224,224,JPEG,RGB
train,ABBOTTS BABBLER,160.jpg,"(224, 224)",224,224,JPEG,RGB
train,ABBOTTS BABBLER,161.jpg,"(224, 224)",224,224,JPEG,RGB
train,ABBOTTS BABBLER,168.jpg,"(224, 224)",224,224,JPEG,RGB
train,ABBOTTS BABBLER,169.jpg,"(224, 224)",224,224,JPEG,RGB
train,ABBOTTS BABBLER,170.jpg,"(224, 224)",224,224,JPEG,RGB
train,ABBOTTS BABBLER,171.jpg,"(224, 224)",224,224,JPEG,RGB
train,ABBOTTS BABBLER,172.jpg,"(224, 224)",224,224,JPEG,RGB
train,ABBOTTS BABBLER,173.jpg,"(224, 224)",224,224,JPEG,RGB
train,ABBOTTS BABBLER,20.jpg,"(224, 224)",224,224,JPEG,RGB
train,ABBOTTS BABBLER,22.jpg,"(224, 224)",224,224,JPEG,RGB
train,ABBOTTS BABBLER,23.jpg,"(224, 224)",224,224,JPEG,RGB
train,ABBOTTS BABBLER,25.jpg,"(224, 224)",224,224,JPEG,RGB
train,ABBOTTS BABBLER,26.jpg,"(224, 224)",224,224,JPEG,RGB
train,ABBOTTS BABBLER,28.jpg,"(224, 224)",224,224,JPEG,RGB
train,ABBOTTS BABBLER,3.jpg,"(224, 224)",224,224,JPEG,RGB
train,ABBOTTS BABBLER,35.jpg,"(224, 224)",224,224,JPEG,RGB
train,ABBOTTS BABBLER,36.jpg,"(224, 224)",224,224,JPEG,RGB
train,ABBOTTS BABBLER,37.jpg,"(224, 224)",224,224,JPEG,RGB
train,ABBOTTS BABBLER,38.jpg,"(224, 224)",224,224,JPEG,RGB
train,ABBOTTS BABBLER,40.jpg,"(224, 224)",224,224,JPEG,RGB
train,ABBOTTS BABBLER,41.jpg,"(224, 224)",224,224,JPEG,RGB
train,ABBOTTS BABBLER,42.jpg,"(224, 224)",224,224,JPEG,RGB
train,ABBOTTS BABBLER,43.jpg,"(224, 224)",224,224,JPEG,RGB
train,ABBOTTS BABBLER,47.jpg,"(224, 224)",224,224,JPEG,RGB
train,ABBOTTS BABBLER,48.jpg,"(224, 224)",224,224,JPEG,RGB
train,ABBOTTS BABBLER,49.jpg,"(224, 224)",224,224,JPEG,RGB
train,ABBOTTS BABBLER,5.jpg,"(224, 224)",224,224,JPEG,RGB
train,ABBOTTS BABBLER,50.jpg,"(224, 224)",224,224,JPEG,RGB
train,ABBOTTS BABBLER,52.jpg,"(224, 224)",224,224,JPEG,RGB
train,ABBOTTS BABBLER,55.jpg,"(224, 224)",224,224,JPEG,RGB
train,ABBOTTS BABBLER,57.jpg,"(224, 224)",224,224,JPEG,RGB
train,ABBOTTS BABBLER,6.jpg,"(224, 224)",224,224,JPEG,RGB
train,ABBOTTS BABBLER,60.jpg,"(224, 224)",224,224,JPEG,RGB
train,ABBOTTS BABBLER,61.jpg,"(224, 224)",224,224,JPEG,RGB
train,ABBOTTS BABBLER,63.jpg,"(224, 224)",224,224,JPEG,RGB
train,ABBOTTS BABBLER,66.jpg,"(224, 224)",224,224,JPEG,RGB
train,ABBOTTS BABBLER,67.jpg,"(224, 224)",224,224,JPEG,RGB
train,ABBOTTS BABBLER,68.jpg,"(224, 224)",224,224,JPEG,RGB
train,ABBOTTS BABBLER,7.jpg,"(224, 224)",224,224,JPEG,RGB
train,ABBOTTS BABBLER,70.jpg,"(224, 224)",224,224,JPEG,RGB
train,ABBOTTS BABBLER,72.jpg,"(224, 224)",224,224,JPEG,RGB
train,ABBOTTS BABBLER,73.jpg,"(224, 224)",224,224,JPEG,RGB
train,ABBOTTS BABBLER,76.jpg,"(224, 224)",224,224,JPEG,RGB
train,ABBOTTS BABBLER,78.jpg,"(224, 224)",224,224,JPEG,RGB
train,ABBOTTS BABBLER,79.jpg,"(224, 224)",224,224,JPEG,RGB
train,ABBOTTS BABBLER,81.jpg,"(224, 224)",224,224,JPEG,RGB
train,ABBOTTS BABBLER,84.jpg,"(224, 224)",224,224,JPEG,RGB
train,ABBOTTS BABBLER,85.jpg,"(224, 224)",224,224,JPEG,RGB
train,ABBOTTS BABBLER,86.jpg,"(224, 224)",224,224,JPEG,RGB
train,ABBOTTS BABBLER,87.jpg,"(224, 224)",224,224,JPEG,RGB
train,ABBOTTS BABBLER,9.jpg,"(224, 224)",224,224,JPEG,RGB
train,ABBOTTS BABBLER,90.jpg,"(224, 224)",224,224,JPEG,RGB
train,ABBOTTS BABBLER,91.jpg,"(224, 224)",224,224,JPEG,RGB
train,ABBOTTS BABBLER,93.jpg,"(224, 224)",224,224,JPEG,RGB
train,ABBOTTS BABBLER,97.jpg,"(224, 224)",224,224,JPEG,RGB
train,ABBOTTS BABBLER,98.jpg,"(224, 224)",224,224,JPEG,RGB
train,ABBOTTS BOOBY,1.jpg,"(224, 224)",224,224,JPEG,RGB
train,ABBOTTS BOOBY,100.jpg,"(224, 224)",224,224,JPEG,RGB
train,ABBOTTS BOOBY,102.jpg,"(224, 224)",224,224,JPEG,RGB
train,ABBOTTS BOOBY,107.jpg,"(224, 224)",224,224,JPEG,RGB
train,ABBOTTS BOOBY,108.jpg,"(224, 224)",224,224,JPEG,RGB
train,ABBOTTS BOOBY,11.jpg,"(224, 224)",224,224,JPEG,RGB
train,ABBOTTS BOOBY,113.jpg,"(224, 224)",224,224,JPEG,RGB
train,ABBOTTS BOOBY,116.jpg,"(224, 224)",224,224,JPEG,RGB
train,ABBOTTS BOOBY,117.jpg,"(224, 224)",224,224,JPEG,RGB
train,ABBOTTS BOOBY,122.jpg,"(224, 224)",224,224,JPEG,RGB
train,ABBOTTS BOOBY,123.jpg,"(224, 224)",224,224,JPEG,RGB
train,ABBOTTS BOOBY,127.jpg,"(224, 224)",224,224,JPEG,RGB
train,ABBOTTS BOOBY,129.jpg,"(224, 224)",224,224,JPEG,RGB
train,ABBOTTS BOOBY,131.jpg,"(224, 224)",224,224,JPEG,RGB
train,ABBOTTS BOOBY,132.jpg,"(224, 224)",224,224,JPEG,RGB
train,ABBOTTS BOOBY,137.jpg,"(224, 224)",224,224,JPEG,RGB
train,ABBOTTS BOOBY,14.jpg,"(224, 224)",224,224,JPEG,RGB
train,ABBOTTS BOOBY,141.jpg,"(224, 224)",224,224,JPEG,RGB
train,ABBOTTS BOOBY,142.jpg,"(224, 224)",224,224,JPEG,RGB
train,ABBOTTS BOOBY,144.jpg,"(224, 224)",224,224,JPEG,RGB
train,ABBOTTS BOOBY,145.jpg,"(224, 224)",224,224,JPEG,RGB
train,ABBOTTS BOOBY,149.jpg,"(224, 224)",224,224,JPEG,RGB
train,ABBOTTS BOOBY,15.jpg,"(224, 224)",224,224,JPEG,RGB
train,ABBOTTS BOOBY,150.jpg,"(224, 224)",224,224,JPEG,RGB
train,ABBOTTS BOOBY,151.jpg,"(224, 224)",224,224,JPEG,RGB
train,ABBOTTS BOOBY,152.jpg,"(224, 224)",224,224,JPEG,RGB
train,ABBOTTS BOOBY,153.jpg,"(224, 224)",224,224,JPEG,RGB
train,ABBOTTS BOOBY,154.jpg,"(224, 224)",224,224,JPEG,RGB
train,ABBOTTS BOOBY,155.jpg,"(224, 224)",224,224,JPEG,RGB
train,ABBOTTS BOOBY,156.jpg,"(224, 224)",224,224,JPEG,RGB
train,ABBOTTS BOOBY,157.jpg,"(224, 224)",224,224,JPEG,RGB
train,ABBOTTS BOOBY,159.jpg,"(224, 224)",224,224,JPEG,RGB
train,ABBOTTS BOOBY,16.jpg,"(224, 224)",224,224,JPEG,RGB
train,ABBOTTS BOOBY,160.jpg,"(224, 224)",224,224,JPEG,RGB
train,ABBOTTS BOOBY,166.jpg,"(224, 224)",224,224,JPEG,RGB
train,ABBOTTS BOOBY,168.jpg,"(224, 224)",224,224,JPEG,RGB
train,ABBOTTS BOOBY,17.jpg,"(224, 224)",224,224,JPEG,RGB
train,ABBOTTS BOOBY,170.jpg,"(224, 224)",224,224,JPEG,RGB
train,ABBOTTS BOOBY,172.jpg,"(224, 224)",224,224,JPEG,RGB
train,ABBOTTS BOOBY,174.jpg,"(224, 224)",224,224,JPEG,RGB
train,ABBOTTS BOOBY,181.jpg,"(224, 224)",224,224,JPEG,RGB
train,ABBOTTS BOOBY,182.jpg,"(224, 224)",224,224,JPEG,RGB
train,ABBOTTS BOOBY,186.jpg,"(224, 224)",224,224,JPEG,RGB
train,ABBOTTS BOOBY,187.jpg,"(224, 224)",224,224,JPEG,RGB
train,ABBOTTS BOOBY,19.jpg,"(224, 224)",224,224,JPEG,RGB
train,ABBOTTS BOOBY,20.jpg,"(224, 224)",224,224,JPEG,RGB
train,ABBOTTS BOOBY,21.jpg,"(224, 224)",224,224,JPEG,RGB
train,ABBOTTS BOOBY,22.jpg,"(224, 224)",224,224,JPEG,RGB
train,ABBOTTS BOOBY,25.jpg,"(224, 224)",224,224,JPEG,RGB
train,ABBOTTS BOOBY,27.jpg,"(224, 224)",224,224,JPEG,RGB
train,ABBOTTS BOOBY,28.jpg,"(224, 224)",224,224,JPEG,RGB
train,ABBOTTS BOOBY,29.jpg,"(224, 224)",224,224,JPEG,RGB
train,ABBOTTS BOOBY,3.jpg,"(224, 224)",224,224,JPEG,RGB
train,ABBOTTS BOOBY,30.jpg,"(224, 224)",224,224,JPEG,RGB
train,ABBOTTS BOOBY,32.jpg,"(224, 224)",224,224,JPEG,RGB
train,ABBOTTS BOOBY,33.jpg,"(224, 224)",224,224,JPEG,RGB
train,ABBOTTS BOOBY,34.jpg,"(224, 224)",224,224,JPEG,RGB
train,ABBOTTS BOOBY,35.jpg,"(224, 224)",224,224,JPEG,RGB
train,ABBOTTS BOOBY,36.jpg,"(224, 224)",224,224,JPEG,RGB
train,ABBOTTS BOOBY,37.jpg,"(224, 224)",224,224,JPEG,RGB
train,ABBOTTS BOOBY,41.jpg,"(224, 224)",224,224,JPEG,RGB
train,ABBOTTS BOOBY,42.jpg,"(224, 224)",224,224,JPEG,RGB
train,ABBOTTS BOOBY,44.jpg,"(224, 224)",224,224,JPEG,RGB
train,ABBOTTS BOOBY,45.jpg,"(224, 224)",224,224,JPEG,RGB
train,ABBOTTS BOOBY,48.jpg,"(224, 224)",224,224,JPEG,RGB
train,ABBOTTS BOOBY,5.jpg,"(224, 224)",224,224,JPEG,RGB
train,ABBOTTS BOOBY,50.jpg,"(224, 224)",224,224,JPEG,RGB
train,ABBOTTS BOOBY,51.jpg,"(224, 224)",224,224,JPEG,RGB
train,ABBOTTS BOOBY,52.jpg,"(224, 224)",224,224,JPEG,RGB
train,ABBOTTS BOOBY,53.jpg,"(224, 224)",224,224,JPEG,RGB
train,ABBOTTS BOOBY,55.jpg,"(224, 224)",224,224,JPEG,RGB
train,ABBOTTS BOOBY,56.jpg,"(224, 224)",224,224,JPEG,RGB
train,ABBOTTS BOOBY,57.jpg,"(224, 224)",224,224,JPEG,RGB
train,ABBOTTS BOOBY,58.jpg,"(224, 224)",224,224,JPEG,RGB
train,ABBOTTS BOOBY,60.jpg,"(224, 224)",224,224,JPEG,RGB
train,ABBOTTS BOOBY,61.jpg,"(224, 224)",224,224,JPEG,RGB
train,ABBOTTS BOOBY,63.jpg,"(224, 224)",224,224,JPEG,RGB
train,ABBOTTS BOOBY,64.jpg,"(224, 224)",224,224,JPEG,RGB
train,ABBOTTS BOOBY,66.jpg,"(224, 224)",224,224,JPEG,RGB
train,ABBOTTS BOOBY,67.jpg,"(224, 224)",224,224,JPEG,RGB
train,ABBOTTS BOOBY,68.jpg,"(224, 224)",224,224,JPEG,RGB
train,ABBOTTS BOOBY,7.jpg,"(224, 224)",224,224,JPEG,RGB
train,ABBOTTS BOOBY,71.jpg,"(224, 224)",224,224,JPEG,RGB
train,ABBOTTS BOOBY,75.jpg,"(224, 224)",224,224,JPEG,RGB
train,ABBOTTS BOOBY,77.jpg,"(224, 224)",224,224,JPEG,RGB
train,ABBOTTS BOOBY,78.jpg,"(224, 224)",224,224,JPEG,RGB
train,ABBOTTS BOOBY,8.jpg,"(224, 224)",224,224,JPEG,RGB
train,ABBOTTS BOOBY,80.jpg,"(224, 224)",224,224,JPEG,RGB
train,ABBOTTS BOOBY,81.jpg,"(224, 224)",224,224,JPEG,RGB
train,ABBOTTS BOOBY,82.jpg,"(224, 224)",224,224,JPEG,RGB
train,ABBOTTS BOOBY,85.jpg,"(224, 224)",224,224,JPEG,RGB
train,ABBOTTS BOOBY,86.jpg,"(224, 224)",224,224,JPEG,RGB
train,ABBOTTS BOOBY,87.jpg,"(224, 224)",224,224,JPEG,RGB
train,ABBOTTS BOOBY,88.jpg,"(224, 224)",224,224,JPEG,RGB
train,ABBOTTS BOOBY,92.jpg,"(224, 224)",224,224,JPEG,RGB
train,ABBOTTS BOOBY,96.jpg,"(224, 224)",224,224,JPEG,RGB
train,ABBOTTS BOOBY,97.jpg,"(224, 224)",224,224,JPEG,RGB
train,ABBOTTS BOOBY,98.jpg,"(224, 224)",224,224,JPEG,RGB
train,ABYSSINIAN GROUND HORNBILL,1.jpg,"(224, 224)",224,224,JPEG,RGB
train,ABYSSINIAN GROUND HORNBILL,10.jpg,"(224, 224)",224,224,JPEG,RGB
train,ABYSSINIAN GROUND HORNBILL,100.jpg,"(224, 224)",224,224,JPEG,RGB
train,ABYSSINIAN GROUND HORNBILL,101.jpg,"(224, 224)",224,224,JPEG,RGB
train,ABYSSINIAN GROUND HORNBILL,102.jpg,"(224, 224)",224,224,JPEG,RGB
train,ABYSSINIAN GROUND HORNBILL,103.jpg,"(224, 224)",224,224,JPEG,RGB
train,ABYSSINIAN GROUND HORNBILL,106.jpg,"(224, 224)",224,224,JPEG,RGB
train,ABYSSINIAN GROUND HORNBILL,109.jpg,"(224, 224)",224,224,JPEG,RGB
train,ABYSSINIAN GROUND HORNBILL,110.jpg,"(224, 224)",224,224,JPEG,RGB
train,ABYSSINIAN GROUND HORNBILL,112.jpg,"(224, 224)",224,224,JPEG,RGB
train,ABYSSINIAN GROUND HORNBILL,116.jpg,"(224, 224)",224,224,JPEG,RGB
train,ABYSSINIAN GROUND HORNBILL,117.jpg,"(224, 224)",224,224,JPEG,RGB
train,ABYSSINIAN GROUND HORNBILL,118.jpg,"(224, 224)",224,224,JPEG,RGB
train,ABYSSINIAN GROUND HORNBILL,120.jpg,"(224, 224)",224,224,JPEG,RGB
train,ABYSSINIAN GROUND HORNBILL,121.jpg,"(224, 224)",224,224,JPEG,RGB
train,ABYSSINIAN GROUND HORNBILL,122.jpg,"(224, 224)",224,224,JPEG,RGB
train,ABYSSINIAN GROUND HORNBILL,128.jpg,"(224, 224)",224,224,JPEG,RGB
train,ABYSSINIAN GROUND HORNBILL,130.jpg,"(224, 224)",224,224,JPEG,RGB
train,ABYSSINIAN GROUND HORNBILL,132.jpg,"(224, 224)",224,224,JPEG,RGB
train,ABYSSINIAN GROUND HORNBILL,134.jpg,"(224, 224)",224,224,JPEG,RGB
train,ABYSSINIAN GROUND HORNBILL,136.jpg,"(224, 224)",224,224,JPEG,RGB
train,ABYSSINIAN GROUND HORNBILL,138.jpg,"(224, 224)",224,224,JPEG,RGB
train,ABYSSINIAN GROUND HORNBILL,14.jpg,"(224, 224)",224,224,JPEG,RGB
train,ABYSSINIAN GROUND HORNBILL,140.jpg,"(224, 224)",224,224,JPEG,RGB
train,ABYSSINIAN GROUND HORNBILL,141.jpg,"(224, 224)",224,224,JPEG,RGB
train,ABYSSINIAN GROUND HORNBILL,142.jpg,"(224, 224)",224,224,JPEG,RGB
train,ABYSSINIAN GROUND HORNBILL,145.jpg,"(224, 224)",224,224,JPEG,RGB
train,ABYSSINIAN GROUND HORNBILL,148.jpg,"(224, 224)",224,224,JPEG,RGB
train,ABYSSINIAN GROUND HORNBILL,149.jpg,"(224, 224)",224,224,JPEG,RGB
train,ABYSSINIAN GROUND HORNBILL,151.jpg,"(224, 224)",224,224,JPEG,RGB
train,ABYSSINIAN GROUND HORNBILL,152.jpg,"(224, 224)",224,224,JPEG,RGB
train,ABYSSINIAN GROUND HORNBILL,153.jpg,"(224, 224)",224,224,JPEG,RGB
train,ABYSSINIAN GROUND HORNBILL,158.jpg,"(224, 224)",224,224,JPEG,RGB
train,ABYSSINIAN GROUND HORNBILL,159.jpg,"(224, 224)",224,224,JPEG,RGB
train,ABYSSINIAN GROUND HORNBILL,16.jpg,"(224, 224)",224,224,JPEG,RGB
train,ABYSSINIAN GROUND HORNBILL,160.jpg,"(224, 224)",224,224,JPEG,RGB
train,ABYSSINIAN GROUND HORNBILL,162.jpg,"(224, 224)",224,224,JPEG,RGB
train,ABYSSINIAN GROUND HORNBILL,165.jpg,"(224, 224)",224,224,JPEG,RGB
train,ABYSSINIAN GROUND HORNBILL,169.jpg,"(224, 224)",224,224,JPEG,RGB
train,ABYSSINIAN GROUND HORNBILL,17.jpg,"(224, 224)",224,224,JPEG,RGB
train,ABYSSINIAN GROUND HORNBILL,170.jpg,"(224, 224)",224,224,JPEG,RGB
train,ABYSSINIAN GROUND HORNBILL,171.jpg,"(224, 224)",224,224,JPEG,RGB
train,ABYSSINIAN GROUND HORNBILL,173.jpg,"(224, 224)",224,224,JPEG,RGB
train,ABYSSINIAN GROUND HORNBILL,174.jpg,"(224, 224)",224,224,JPEG,RGB
train,ABYSSINIAN GROUND HORNBILL,175.jpg,"(224, 224)",224,224,JPEG,RGB
train,ABYSSINIAN GROUND HORNBILL,178.jpg,"(224, 224)",224,224,JPEG,RGB
train,ABYSSINIAN GROUND HORNBILL,179.jpg,"(224, 224)",224,224,JPEG,RGB
train,ABYSSINIAN GROUND HORNBILL,180.jpg,"(224, 224)",224,224,JPEG,RGB
train,ABYSSINIAN GROUND HORNBILL,183.jpg,"(224, 224)",224,224,JPEG,RGB
train,ABYSSINIAN GROUND HORNBILL,189.jpg,"(224, 224)",224,224,JPEG,RGB
train,ABYSSINIAN GROUND HORNBILL,19.jpg,"(224, 224)",224,224,JPEG,RGB
train,ABYSSINIAN GROUND HORNBILL,2.jpg,"(224, 224)",224,224,JPEG,RGB
train,ABYSSINIAN GROUND HORNBILL,20.jpg,"(224, 224)",224,224,JPEG,RGB
train,ABYSSINIAN GROUND HORNBILL,21.jpg,"(224, 224)",224,224,JPEG,RGB
train,ABYSSINIAN GROUND HORNBILL,24.jpg,"(224, 224)",224,224,JPEG,RGB
train,ABYSSINIAN GROUND HORNBILL,25.jpg,"(224, 224)",224,224,JPEG,RGB
train,ABYSSINIAN GROUND HORNBILL,26.jpg,"(224, 224)",224,224,JPEG,RGB
train,ABYSSINIAN GROUND HORNBILL,29.jpg,"(224, 224)",224,224,JPEG,RGB
train,ABYSSINIAN GROUND HORNBILL,3.jpg,"(224, 224)",224,224,JPEG,RGB
train,ABYSSINIAN GROUND HORNBILL,30.jpg,"(224, 224)",224,224,JPEG,RGB
train,ABYSSINIAN GROUND HORNBILL,31.jpg,"(224, 224)",224,224,JPEG,RGB
train,ABYSSINIAN GROUND HORNBILL,33.jpg,"(224, 224)",224,224,JPEG,RGB
train,ABYSSINIAN GROUND HORNBILL,34.jpg,"(224, 224)",224,224,JPEG,RGB
train,ABYSSINIAN GROUND HORNBILL,35.jpg,"(224, 224)",224,224,JPEG,RGB
train,ABYSSINIAN GROUND HORNBILL,37.jpg,"(224, 224)",224,224,JPEG,RGB
train,ABYSSINIAN GROUND HORNBILL,40.jpg,"(224, 224)",224,224,JPEG,RGB
train,ABYSSINIAN GROUND HORNBILL,41.jpg,"(224, 224)",224,224,JPEG,RGB
train,ABYSSINIAN GROUND HORNBILL,42.jpg,"(224, 224)",224,224,JPEG,RGB
train,ABYSSINIAN GROUND HORNBILL,45.jpg,"(224, 224)",224,224,JPEG,RGB
train,ABYSSINIAN GROUND HORNBILL,47.jpg,"(224, 224)",224,224,JPEG,RGB
train,ABYSSINIAN GROUND HORNBILL,51.jpg,"(224, 224)",224,224,JPEG,RGB
train,ABYSSINIAN GROUND HORNBILL,52.jpg,"(224, 224)",224,224,JPEG,RGB
train,ABYSSINIAN GROUND HORNBILL,53.jpg,"(224, 224)",224,224,JPEG,RGB
train,ABYSSINIAN GROUND HORNBILL,55.jpg,"(224, 224)",224,224,JPEG,RGB
train,ABYSSINIAN GROUND HORNBILL,61.jpg,"(224, 224)",224,224,JPEG,RGB
train,ABYSSINIAN GROUND HORNBILL,62.jpg,"(224, 224)",224,224,JPEG,RGB
train,ABYSSINIAN GROUND HORNBILL,64.jpg,"(224, 224)",224,224,JPEG,RGB
train,ABYSSINIAN GROUND HORNBILL,65.jpg,"(224, 224)",224,224,JPEG,RGB
train,ABYSSINIAN GROUND HORNBILL,68.jpg,"(224, 224)",224,224,JPEG,RGB
train,ABYSSINIAN GROUND HORNBILL,69.jpg,"(224, 224)",224,224,JPEG,RGB
train,ABYSSINIAN GROUND HORNBILL,70.jpg,"(224, 224)",224,224,JPEG,RGB
train,ABYSSINIAN GROUND HORNBILL,71.jpg,"(224, 224)",224,224,JPEG,RGB
train,ABYSSINIAN GROUND HORNBILL,73.jpg,"(224, 224)",224,224,JPEG,RGB
train,ABYSSINIAN GROUND HORNBILL,74.jpg,"(224, 224)",224,224,JPEG,RGB
train,ABYSSINIAN GROUND HORNBILL,75.jpg,"(224, 224)",224,224,JPEG,RGB
train,ABYSSINIAN GROUND HORNBILL,76.jpg,"(224, 224)",224,224,JPEG,RGB
train,ABYSSINIAN GROUND HORNBILL,79.jpg,"(224, 224)",224,224,JPEG,RGB
train,ABYSSINIAN GROUND HORNBILL,8.jpg,"(224, 224)",224,224,JPEG,RGB
train,ABYSSINIAN GROUND HORNBILL,80.jpg,"(224, 224)",224,224,JPEG,RGB
train,ABYSSINIAN GROUND HORNBILL,81.jpg,"(224, 224)",224,224,JPEG,RGB
train,ABYSSINIAN GROUND HORNBILL,85.jpg,"(224, 224)",224,224,JPEG,RGB
train,ABYSSINIAN GROUND HORNBILL,86.jpg,"(224, 224)",224,224,JPEG,RGB
train,ABYSSINIAN GROUND HORNBILL,88.jpg,"(224, 224)",224,224,JPEG,RGB
train,ABYSSINIAN GROUND HORNBILL,89.jpg,"(224, 224)",224,224,JPEG,RGB
train,ABYSSINIAN GROUND HORNBILL,92.jpg,"(224, 224)",224,224,JPEG,RGB
train,ABYSSINIAN GROUND HORNBILL,93.jpg,"(224, 224)",224,224,JPEG,RGB
train,ABYSSINIAN GROUND HORNBILL,95.jpg,"(224, 224)",224,224,JPEG,RGB
train,ABYSSINIAN GROUND HORNBILL,96.jpg,"(224, 224)",224,224,JPEG,RGB
train,AFRICAN CROWNED CRANE,1.jpg,"(224, 224)",224,224,JPEG,RGB
train,AFRICAN CROWNED CRANE,10.jpg,"(224, 224)",224,224,JPEG,RGB
train,AFRICAN CROWNED CRANE,100.jpg,"(224, 224)",224,224,JPEG,RGB
train,AFRICAN CROWNED CRANE,104.jpg,"(224, 224)",224,224,JPEG,RGB
train,AFRICAN CROWNED CRANE,106.jpg,"(224, 224)",224,224,JPEG,RGB
train,AFRICAN CROWNED CRANE,107.jpg,"(224, 224)",224,224,JPEG,RGB
train,AFRICAN CROWNED CRANE,108.jpg,"(224, 224)",224,224,JPEG,RGB
train,AFRICAN CROWNED CRANE,109.jpg,"(224, 224)",224,224,JPEG,RGB
train,AFRICAN CROWNED CRANE,11.jpg,"(224, 224)",224,224,JPEG,RGB
train,AFRICAN CROWNED CRANE,111.jpg,"(224, 224)",224,224,JPEG,RGB
train,AFRICAN CROWNED CRANE,113.jpg,"(224, 224)",224,224,JPEG,RGB
train,AFRICAN CROWNED CRANE,114.jpg,"(224, 224)",224,224,JPEG,RGB
train,AFRICAN CROWNED CRANE,115.jpg,"(224, 224)",224,224,JPEG,RGB
train,AFRICAN CROWNED CRANE,116.jpg,"(224, 224)",224,224,JPEG,RGB
train,AFRICAN CROWNED CRANE,117.jpg,"(224, 224)",224,224,JPEG,RGB
train,AFRICAN CROWNED CRANE,118.jpg,"(224, 224)",224,224,JPEG,RGB
train,AFRICAN CROWNED CRANE,119.jpg,"(224, 224)",224,224,JPEG,RGB
train,AFRICAN CROWNED CRANE,120.jpg,"(224, 224)",224,224,JPEG,RGB
train,AFRICAN CROWNED CRANE,121.jpg,"(224, 224)",224,224,JPEG,RGB
train,AFRICAN CROWNED CRANE,122.jpg,"(224, 224)",224,224,JPEG,RGB
train,AFRICAN CROWNED CRANE,124.jpg,"(224, 224)",224,224,JPEG,RGB
train,AFRICAN CROWNED CRANE,125.jpg,"(224, 224)",224,224,JPEG,RGB
train,AFRICAN CROWNED CRANE,126.jpg,"(224, 224)",224,224,JPEG,RGB
train,AFRICAN CROWNED CRANE,128.jpg,"(224, 224)",224,224,JPEG,RGB
train,AFRICAN CROWNED CRANE,130.jpg,"(224, 224)",224,224,JPEG,RGB
train,AFRICAN CROWNED CRANE,131.jpg,"(224, 224)",224,224,JPEG,RGB
train,AFRICAN CROWNED CRANE,132.jpg,"(224, 224)",224,224,JPEG,RGB
train,AFRICAN CROWNED CRANE,133.jpg,"(224, 224)",224,224,JPEG,RGB
train,AFRICAN CROWNED CRANE,134.jpg,"(224, 224)",224,224,JPEG,RGB
train,AFRICAN CROWNED CRANE,135.jpg,"(224, 224)",224,224,JPEG,RGB
train,AFRICAN CROWNED CRANE,136.jpg,"(224, 224)",224,224,JPEG,RGB
train,AFRICAN CROWNED CRANE,137.jpg,"(224, 224)",224,224,JPEG,RGB
train,AFRICAN CROWNED CRANE,138.jpg,"(224, 224)",224,224,JPEG,RGB
train,AFRICAN CROWNED CRANE,14.jpg,"(224, 224)",224,224,JPEG,RGB
train,AFRICAN CROWNED CRANE,140.jpg,"(224, 224)",224,224,JPEG,RGB
train,AFRICAN CROWNED CRANE,141.jpg,"(224, 224)",224,224,JPEG,RGB
train,AFRICAN CROWNED CRANE,143.jpg,"(224, 224)",224,224,JPEG,RGB
train,AFRICAN CROWNED CRANE,144.jpg,"(224, 224)",224,224,JPEG,RGB
train,AFRICAN CROWNED CRANE,145.jpg,"(224, 224)",224,224,JPEG,RGB
train,AFRICAN CROWNED CRANE,15.jpg,"(224, 224)",224,224,JPEG,RGB
train,AFRICAN CROWNED CRANE,16.jpg,"(224, 224)",224,224,JPEG,RGB
train,AFRICAN CROWNED CRANE,17.jpg,"(224, 224)",224,224,JPEG,RGB
train,AFRICAN CROWNED CRANE,18.jpg,"(224, 224)",224,224,JPEG,RGB
train,AFRICAN CROWNED CRANE,19.jpg,"(224, 224)",224,224,JPEG,RGB
train,AFRICAN CROWNED CRANE,2.jpg,"(224, 224)",224,224,JPEG,RGB
train,AFRICAN CROWNED CRANE,21.jpg,"(224, 224)",224,224,JPEG,RGB
train,AFRICAN CROWNED CRANE,24.jpg,"(224, 224)",224,224,JPEG,RGB
train,AFRICAN CROWNED CRANE,26.jpg,"(224, 224)",224,224,JPEG,RGB
train,AFRICAN CROWNED CRANE,28.jpg,"(224, 224)",224,224,JPEG,RGB
train,AFRICAN CROWNED CRANE,3.jpg,"(224, 224)",224,224,JPEG,RGB
train,AFRICAN CROWNED CRANE,30.jpg,"(224, 224)",224,224,JPEG,RGB
train,AFRICAN CROWNED CRANE,31.jpg,"(224, 224)",224,224,JPEG,RGB
train,AFRICAN CROWNED CRANE,32.jpg,"(224, 224)",224,224,JPEG,RGB
train,AFRICAN CROWNED CRANE,33.jpg,"(224, 224)",224,224,JPEG,RGB
train,AFRICAN CROWNED CRANE,34.jpg,"(224, 224)",224,224,JPEG,RGB
train,AFRICAN CROWNED CRANE,38.jpg,"(224, 224)",224,224,JPEG,RGB
train,AFRICAN CROWNED CRANE,4.jpg,"(224, 224)",224,224,JPEG,RGB
train,AFRICAN CROWNED CRANE,40.jpg,"(224, 224)",224,224,JPEG,RGB
train,AFRICAN CROWNED CRANE,42.jpg,"(224, 224)",224,224,JPEG,RGB
train,AFRICAN CROWNED CRANE,43.jpg,"(224, 224)",224,224,JPEG,RGB
train,AFRICAN CROWNED CRANE,44.jpg,"(224, 224)",224,224,JPEG,RGB
train,AFRICAN CROWNED CRANE,45.jpg,"(224, 224)",224,224,JPEG,RGB
train,AFRICAN CROWNED CRANE,46.jpg,"(224, 224)",224,224,JPEG,RGB
train,AFRICAN CROWNED CRANE,47.jpg,"(224, 224)",224,224,JPEG,RGB
train,AFRICAN CROWNED CRANE,48.jpg,"(224, 224)",224,224,JPEG,RGB
train,AFRICAN CROWNED CRANE,5.jpg,"(224, 224)",224,224,JPEG,RGB
train,AFRICAN CROWNED CRANE,51.jpg,"(224, 224)",224,224,JPEG,RGB
train,AFRICAN CROWNED CRANE,53.jpg,"(224, 224)",224,224,JPEG,RGB
train,AFRICAN CROWNED CRANE,56.jpg,"(224, 224)",224,224,JPEG,RGB
train,AFRICAN CROWNED CRANE,57.jpg,"(224, 224)",224,224,JPEG,RGB
train,AFRICAN CROWNED CRANE,58.jpg,"(224, 224)",224,224,JPEG,RGB
train,AFRICAN CROWNED CRANE,62.jpg,"(224, 224)",224,224,JPEG,RGB
train,AFRICAN CROWNED CRANE,65.jpg,"(224, 224)",224,224,JPEG,RGB
train,AFRICAN CROWNED CRANE,66.jpg,"(224, 224)",224,224,JPEG,RGB
train,AFRICAN CROWNED CRANE,67.jpg,"(224, 224)",224,224,JPEG,RGB
train,AFRICAN CROWNED CRANE,7.jpg,"(224, 224)",224,224,JPEG,RGB
train,AFRICAN CROWNED CRANE,70.jpg,"(224, 224)",224,224,JPEG,RGB
train,AFRICAN CROWNED CRANE,71.jpg,"(224, 224)",224,224,JPEG,RGB
train,AFRICAN CROWNED CRANE,72.jpg,"(224, 224)",224,224,JPEG,RGB
train,AFRICAN CROWNED CRANE,74.jpg,"(224, 224)",224,224,JPEG,RGB
train,AFRICAN CROWNED CRANE,75.jpg,"(224, 224)",224,224,JPEG,RGB
train,AFRICAN CROWNED CRANE,76.jpg,"(224, 224)",224,224,JPEG,RGB
train,AFRICAN CROWNED CRANE,78.jpg,"(224, 224)",224,224,JPEG,RGB
train,AFRICAN CROWNED CRANE,8.jpg,"(224, 224)",224,224,JPEG,RGB
train,AFRICAN CROWNED CRANE,80.jpg,"(224, 224)",224,224,JPEG,RGB
train,AFRICAN CROWNED CRANE,82.jpg,"(224, 224)",224,224,JPEG,RGB
train,AFRICAN CROWNED CRANE,83.jpg,"(224, 224)",224,224,JPEG,RGB
train,AFRICAN CROWNED CRANE,85.jpg,"(224, 224)",224,224,JPEG,RGB
train,AFRICAN CROWNED CRANE,87.jpg,"(224, 224)",224,224,JPEG,RGB
train,AFRICAN CROWNED CRANE,88.jpg,"(224, 224)",224,224,JPEG,RGB
train,AFRICAN CROWNED CRANE,9.jpg,"(224, 224)",224,224,JPEG,RGB
train,AFRICAN CROWNED CRANE,90.jpg,"(224, 224)",224,224,JPEG,RGB
train,AFRICAN CROWNED CRANE,91.jpg,"(224, 224)",224,224,JPEG,RGB
train,AFRICAN CROWNED CRANE,92.jpg,"(224, 224)",224,224,JPEG,RGB
train,AFRICAN CROWNED CRANE,93.jpg,"(224, 224)",224,224,JPEG,RGB
train,AFRICAN CROWNED CRANE,94.jpg,"(224, 224)",224,224,JPEG,RGB
train,AFRICAN CROWNED CRANE,95.jpg,"(224, 224)",224,224,JPEG,RGB
train,AFRICAN CROWNED CRANE,97.jpg,"(224, 224)",224,224,JPEG,RGB
train,AFRICAN EMERALD CUCKOO,10.jpg,"(224, 224)",224,224,JPEG,RGB
train,AFRICAN EMERALD CUCKOO,100.jpg,"(224, 224)",224,224,JPEG,RGB
train,AFRICAN EMERALD CUCKOO,102.jpg,"(224, 224)",224,224,JPEG,RGB
train,AFRICAN EMERALD CUCKOO,104.jpg,"(224, 224)",224,224,JPEG,RGB
train,AFRICAN EMERALD CUCKOO,105.jpg,"(224, 224)",224,224,JPEG,RGB
train,AFRICAN EMERALD CUCKOO,107.jpg,"(224, 224)",224,224,JPEG,RGB
train,AFRICAN EMERALD CUCKOO,108.jpg,"(224, 224)",224,224,JPEG,RGB
train,AFRICAN EMERALD CUCKOO,11.jpg,"(224, 224)",224,224,JPEG,RGB
train,AFRICAN EMERALD CUCKOO,112.jpg,"(224, 224)",224,224,JPEG,RGB
train,AFRICAN EMERALD CUCKOO,113.jpg,"(224, 224)",224,224,JPEG,RGB
train,AFRICAN EMERALD CUCKOO,114.jpg,"(224, 224)",224,224,JPEG,RGB
train,AFRICAN EMERALD CUCKOO,115.jpg,"(224, 224)",224,224,JPEG,RGB
train,AFRICAN EMERALD CUCKOO,117.jpg,"(224, 224)",224,224,JPEG,RGB
train,AFRICAN EMERALD CUCKOO,119.jpg,"(224, 224)",224,224,JPEG,RGB
train,AFRICAN EMERALD CUCKOO,12.jpg,"(224, 224)",224,224,JPEG,RGB
train,AFRICAN EMERALD CUCKOO,121.jpg,"(224, 224)",224,224,JPEG,RGB
train,AFRICAN EMERALD CUCKOO,122.jpg,"(224, 224)",224,224,JPEG,RGB
train,AFRICAN EMERALD CUCKOO,123.jpg,"(224, 224)",224,224,JPEG,RGB
train,AFRICAN EMERALD CUCKOO,124.jpg,"(224, 224)",224,224,JPEG,RGB
train,AFRICAN EMERALD CUCKOO,128.jpg,"(224, 224)",224,224,JPEG,RGB
train,AFRICAN EMERALD CUCKOO,129.jpg,"(224, 224)",224,224,JPEG,RGB
train,AFRICAN EMERALD CUCKOO,132.jpg,"(224, 224)",224,224,JPEG,RGB
train,AFRICAN EMERALD CUCKOO,133.jpg,"(224, 224)",224,224,JPEG,RGB
train,AFRICAN EMERALD CUCKOO,134.jpg,"(224, 224)",224,224,JPEG,RGB
train,AFRICAN EMERALD CUCKOO,135.jpg,"(224, 224)",224,224,JPEG,RGB
train,AFRICAN EMERALD CUCKOO,136.jpg,"(224, 224)",224,224,JPEG,RGB
train,AFRICAN EMERALD CUCKOO,137.jpg,"(224, 224)",224,224,JPEG,RGB
train,AFRICAN EMERALD CUCKOO,138.jpg,"(224, 224)",224,224,JPEG,RGB
train,AFRICAN EMERALD CUCKOO,14.jpg,"(224, 224)",224,224,JPEG,RGB
train,AFRICAN EMERALD CUCKOO,141.jpg,"(224, 224)",224,224,JPEG,RGB
train,AFRICAN EMERALD CUCKOO,142.jpg,"(224, 224)",224,224,JPEG,RGB
train,AFRICAN EMERALD CUCKOO,145.jpg,"(224, 224)",224,224,JPEG,RGB
train,AFRICAN EMERALD CUCKOO,146.jpg,"(224, 224)",224,224,JPEG,RGB
train,AFRICAN EMERALD CUCKOO,147.jpg,"(224, 224)",224,224,JPEG,RGB
train,AFRICAN EMERALD CUCKOO,15.jpg,"(224, 224)",224,224,JPEG,RGB
train,AFRICAN EMERALD CUCKOO,150.jpg,"(224, 224)",224,224,JPEG,RGB
train,AFRICAN EMERALD CUCKOO,153.jpg,"(224, 224)",224,224,JPEG,RGB
train,AFRICAN EMERALD CUCKOO,155.jpg,"(224, 224)",224,224,JPEG,RGB
train,AFRICAN EMERALD CUCKOO,156.jpg,"(224, 224)",224,224,JPEG,RGB
train,AFRICAN EMERALD CUCKOO,159.jpg,"(224, 224)",224,224,JPEG,RGB
train,AFRICAN EMERALD CUCKOO,162.jpg,"(224, 224)",224,224,JPEG,RGB
train,AFRICAN EMERALD CUCKOO,164.jpg,"(224, 224)",224,224,JPEG,RGB
train,AFRICAN EMERALD CUCKOO,18.jpg,"(224, 224)",224,224,JPEG,RGB
train,AFRICAN EMERALD CUCKOO,19.jpg,"(224, 224)",224,224,JPEG,RGB
train,AFRICAN EMERALD CUCKOO,20.jpg,"(224, 224)",224,224,JPEG,RGB
train,AFRICAN EMERALD CUCKOO,24.jpg,"(224, 224)",224,224,JPEG,RGB
train,AFRICAN EMERALD CUCKOO,25.jpg,"(224, 224)",224,224,JPEG,RGB
train,AFRICAN EMERALD CUCKOO,26.jpg,"(224, 224)",224,224,JPEG,RGB
train,AFRICAN EMERALD CUCKOO,28.jpg,"(224, 224)",224,224,JPEG,RGB
train,AFRICAN EMERALD CUCKOO,29.jpg,"(224, 224)",224,224,JPEG,RGB
train,AFRICAN EMERALD CUCKOO,30.jpg,"(224, 224)",224,224,JPEG,RGB
train,AFRICAN EMERALD CUCKOO,32.jpg,"(224, 224)",224,224,JPEG,RGB
train,AFRICAN EMERALD CUCKOO,34.jpg,"(224, 224)",224,224,JPEG,RGB
train,AFRICAN EMERALD CUCKOO,35.jpg,"(224, 224)",224,224,JPEG,RGB
train,AFRICAN EMERALD CUCKOO,36.jpg,"(224, 224)",224,224,JPEG,RGB
train,AFRICAN EMERALD CUCKOO,37.jpg,"(224, 224)",224,224,JPEG,RGB
train,AFRICAN EMERALD CUCKOO,38.jpg,"(224, 224)",224,224,JPEG,RGB
train,AFRICAN EMERALD CUCKOO,39.jpg,"(224, 224)",224,224,JPEG,RGB
train,AFRICAN EMERALD CUCKOO,4.jpg,"(224, 224)",224,224,JPEG,RGB
train,AFRICAN EMERALD CUCKOO,41.jpg,"(224, 224)",224,224,JPEG,RGB
train,AFRICAN EMERALD CUCKOO,43.jpg,"(224, 224)",224,224,JPEG,RGB
train,AFRICAN EMERALD CUCKOO,46.jpg,"(224, 224)",224,224,JPEG,RGB
train,AFRICAN EMERALD CUCKOO,5.jpg,"(224, 224)",224,224,JPEG,RGB
train,AFRICAN EMERALD CUCKOO,50.jpg,"(224, 224)",224,224,JPEG,RGB
train,AFRICAN EMERALD CUCKOO,52.jpg,"(224, 224)",224,224,JPEG,RGB
train,AFRICAN EMERALD CUCKOO,53.jpg,"(224, 224)",224,224,JPEG,RGB
train,AFRICAN EMERALD CUCKOO,54.jpg,"(224, 224)",224,224,JPEG,RGB
train,AFRICAN EMERALD CUCKOO,58.jpg,"(224, 224)",224,224,JPEG,RGB
train,AFRICAN EMERALD CUCKOO,59.jpg,"(224, 224)",224,224,JPEG,RGB
train,AFRICAN EMERALD CUCKOO,61.jpg,"(224, 224)",224,224,JPEG,RGB
train,AFRICAN EMERALD CUCKOO,62.jpg,"(224, 224)",224,224,JPEG,RGB
train,AFRICAN EMERALD CUCKOO,63.jpg,"(224, 224)",224,224,JPEG,RGB
train,AFRICAN EMERALD CUCKOO,65.jpg,"(224, 224)",224,224,JPEG,RGB
train,AFRICAN EMERALD CUCKOO,7.jpg,"(224, 224)",224,224,JPEG,RGB
train,AFRICAN EMERALD CUCKOO,70.jpg,"(224, 224)",224,224,JPEG,RGB
train,AFRICAN EMERALD CUCKOO,71.jpg,"(224, 224)",224,224,JPEG,RGB
train,AFRICAN EMERALD CUCKOO,72.jpg,"(224, 224)",224,224,JPEG,RGB
train,AFRICAN EMERALD CUCKOO,73.jpg,"(224, 224)",224,224,JPEG,RGB
train,AFRICAN EMERALD CUCKOO,74.jpg,"(224, 224)",224,224,JPEG,RGB
train,AFRICAN EMERALD CUCKOO,75.jpg,"(224, 224)",224,224,JPEG,RGB
train,AFRICAN EMERALD CUCKOO,76.jpg,"(224, 224)",224,224,JPEG,RGB
train,AFRICAN EMERALD CUCKOO,77.jpg,"(224, 224)",224,224,JPEG,RGB
train,AFRICAN EMERALD CUCKOO,78.jpg,"(224, 224)",224,224,JPEG,RGB
train,AFRICAN EMERALD CUCKOO,80.jpg,"(224, 224)",224,224,JPEG,RGB
train,AFRICAN EMERALD CUCKOO,81.jpg,"(224, 224)",224,224,JPEG,RGB
train,AFRICAN EMERALD CUCKOO,82.jpg,"(224, 224)",224,224,JPEG,RGB
train,AFRICAN EMERALD CUCKOO,83.jpg,"(224, 224)",224,224,JPEG,RGB
train,AFRICAN EMERALD CUCKOO,84.jpg,"(224, 224)",224,224,JPEG,RGB
train,AFRICAN EMERALD CUCKOO,85.jpg,"(224, 224)",224,224,JPEG,RGB
train,AFRICAN EMERALD CUCKOO,86.jpg,"(224, 224)",224,224,JPEG,RGB
train,AFRICAN EMERALD CUCKOO,87.jpg,"(224, 224)",224,224,JPEG,RGB
train,AFRICAN EMERALD CUCKOO,88.jpg,"(224, 224)",224,224,JPEG,RGB
train,AFRICAN EMERALD CUCKOO,89.jpg,"(224, 224)",224,224,JPEG,RGB
train,AFRICAN EMERALD CUCKOO,91.jpg,"(224, 224)",224,224,JPEG,RGB
train,AFRICAN EMERALD CUCKOO,92.jpg,"(224, 224)",224,224,JPEG,RGB
train,AFRICAN EMERALD CUCKOO,94.jpg,"(224, 224)",224,224,JPEG,RGB
train,AFRICAN EMERALD CUCKOO,95.jpg,"(224, 224)",224,224,JPEG,RGB
train,AFRICAN EMERALD CUCKOO,96.jpg,"(224, 224)",224,224,JPEG,RGB
train,AFRICAN FIREFINCH,10.jpg,"(224, 224)",224,224,JPEG,RGB
train,AFRICAN FIREFINCH,100.jpg,"(224, 224)",224,224,JPEG,RGB
train,AFRICAN FIREFINCH,101.jpg,"(224, 224)",224,224,JPEG,RGB
train,AFRICAN FIREFINCH,105.jpg,"(224, 224)",224,224,JPEG,RGB
train,AFRICAN FIREFINCH,106.jpg,"(224, 224)",224,224,JPEG,RGB
train,AFRICAN FIREFINCH,108.jpg,"(224, 224)",224,224,JPEG,RGB
train,AFRICAN FIREFINCH,110.jpg,"(224, 224)",224,224,JPEG,RGB
train,AFRICAN FIREFINCH,111.jpg,"(224, 224)",224,224,JPEG,RGB
train,AFRICAN FIREFINCH,113.jpg,"(224, 224)",224,224,JPEG,RGB
train,AFRICAN FIREFINCH,115.jpg,"(224, 224)",224,224,JPEG,RGB
train,AFRICAN FIREFINCH,116.jpg,"(224, 224)",224,224,JPEG,RGB
train,AFRICAN FIREFINCH,117.jpg,"(224, 224)",224,224,JPEG,RGB
train,AFRICAN FIREFINCH,119.jpg,"(224, 224)",224,224,JPEG,RGB
train,AFRICAN FIREFINCH,12.jpg,"(224, 224)",224,224,JPEG,RGB
train,AFRICAN FIREFINCH,120.jpg,"(224, 224)",224,224,JPEG,RGB
train,AFRICAN FIREFINCH,121.jpg,"(224, 224)",224,224,JPEG,RGB
train,AFRICAN FIREFINCH,122.jpg,"(224, 224)",224,224,JPEG,RGB
train,AFRICAN FIREFINCH,123.jpg,"(224, 224)",224,224,JPEG,RGB
train,AFRICAN FIREFINCH,124.jpg,"(224, 224)",224,224,JPEG,RGB
train,AFRICAN FIREFINCH,125.jpg,"(224, 224)",224,224,JPEG,RGB
train,AFRICAN FIREFINCH,126.jpg,"(224, 224)",224,224,JPEG,RGB
train,AFRICAN FIREFINCH,128.jpg,"(224, 224)",224,224,JPEG,RGB
train,AFRICAN FIREFINCH,129.jpg,"(224, 224)",224,224,JPEG,RGB
train,AFRICAN FIREFINCH,131.jpg,"(224, 224)",224,224,JPEG,RGB
train,AFRICAN FIREFINCH,132.jpg,"(224, 224)",224,224,JPEG,RGB
train,AFRICAN FIREFINCH,133.jpg,"(224, 224)",224,224,JPEG,RGB
train,AFRICAN FIREFINCH,136.jpg,"(224, 224)",224,224,JPEG,RGB
train,AFRICAN FIREFINCH,137.jpg,"(224, 224)",224,224,JPEG,RGB
train,AFRICAN FIREFINCH,138.jpg,"(224, 224)",224,224,JPEG,RGB
train,AFRICAN FIREFINCH,139.jpg,"(224, 224)",224,224,JPEG,RGB
train,AFRICAN FIREFINCH,14.jpg,"(224, 224)",224,224,JPEG,RGB
train,AFRICAN FIREFINCH,141.jpg,"(224, 224)",224,224,JPEG,RGB
train,AFRICAN FIREFINCH,142.jpg,"(224, 224)",224,224,JPEG,RGB
train,AFRICAN FIREFINCH,143.jpg,"(224, 224)",224,224,JPEG,RGB
train,AFRICAN FIREFINCH,144.jpg,"(224, 224)",224,224,JPEG,RGB
train,AFRICAN FIREFINCH,147.jpg,"(224, 224)",224,224,JPEG,RGB
train,AFRICAN FIREFINCH,16.jpg,"(224, 224)",224,224,JPEG,RGB
train,AFRICAN FIREFINCH,19.jpg,"(224, 224)",224,224,JPEG,RGB
train,AFRICAN FIREFINCH,2.jpg,"(224, 224)",224,224,JPEG,RGB
train,AFRICAN FIREFINCH,21.jpg,"(224, 224)",224,224,JPEG,RGB
train,AFRICAN FIREFINCH,22.jpg,"(224, 224)",224,224,JPEG,RGB
train,AFRICAN FIREFINCH,23.jpg,"(224, 224)",224,224,JPEG,RGB
train,AFRICAN FIREFINCH,24.jpg,"(224, 224)",224,224,JPEG,RGB
train,AFRICAN FIREFINCH,25.jpg,"(224, 224)",224,224,JPEG,RGB
train,AFRICAN FIREFINCH,28.jpg,"(224, 224)",224,224,JPEG,RGB
train,AFRICAN FIREFINCH,30.jpg,"(224, 224)",224,224,JPEG,RGB
train,AFRICAN FIREFINCH,31.jpg,"(224, 224)",224,224,JPEG,RGB
train,AFRICAN FIREFINCH,33.jpg,"(224, 224)",224,224,JPEG,RGB
train,AFRICAN FIREFINCH,34.jpg,"(224, 224)",224,224,JPEG,RGB
train,AFRICAN FIREFINCH,35.jpg,"(224, 224)",224,224,JPEG,RGB
train,AFRICAN FIREFINCH,36.jpg,"(224, 224)",224,224,JPEG,RGB
train,AFRICAN FIREFINCH,37.jpg,"(224, 224)",224,224,JPEG,RGB
train,AFRICAN FIREFINCH,38.jpg,"(224, 224)",224,224,JPEG,RGB
train,AFRICAN FIREFINCH,4.jpg,"(224, 224)",224,224,JPEG,RGB
train,AFRICAN FIREFINCH,40.jpg,"(224, 224)",224,224,JPEG,RGB
train,AFRICAN FIREFINCH,41.jpg,"(224, 224)",224,224,JPEG,RGB
train,AFRICAN FIREFINCH,43.jpg,"(224, 224)",224,224,JPEG,RGB
train,AFRICAN FIREFINCH,44.jpg,"(224, 224)",224,224,JPEG,RGB
train,AFRICAN FIREFINCH,45.jpg,"(224, 224)",224,224,JPEG,RGB
train,AFRICAN FIREFINCH,46.jpg,"(224, 224)",224,224,JPEG,RGB
train,AFRICAN FIREFINCH,47.jpg,"(224, 224)",224,224,JPEG,RGB
train,AFRICAN FIREFINCH,48.jpg,"(224, 224)",224,224,JPEG,RGB
train,AFRICAN FIREFINCH,5.jpg,"(224, 224)",224,224,JPEG,RGB
train,AFRICAN FIREFINCH,50.jpg,"(224, 224)",224,224,JPEG,RGB
train,AFRICAN FIREFINCH,52.jpg,"(224, 224)",224,224,JPEG,RGB
train,AFRICAN FIREFINCH,53.jpg,"(224, 224)",224,224,JPEG,RGB
train,AFRICAN FIREFINCH,54.jpg,"(224, 224)",224,224,JPEG,RGB
train,AFRICAN FIREFINCH,56.jpg,"(224, 224)",224,224,JPEG,RGB
train,AFRICAN FIREFINCH,57.jpg,"(224, 224)",224,224,JPEG,RGB
train,AFRICAN FIREFINCH,58.jpg,"(224, 224)",224,224,JPEG,RGB
train,AFRICAN FIREFINCH,59.jpg,"(224, 224)",224,224,JPEG,RGB
train,AFRICAN FIREFINCH,6.jpg,"(224, 224)",224,224,JPEG,RGB
train,AFRICAN FIREFINCH,62.jpg,"(224, 224)",224,224,JPEG,RGB
train,AFRICAN FIREFINCH,63.jpg,"(224, 224)",224,224,JPEG,RGB
train,AFRICAN FIREFINCH,64.jpg,"(224, 224)",224,224,JPEG,RGB
train,AFRICAN FIREFINCH,65.jpg,"(224, 224)",224,224,JPEG,RGB
train,AFRICAN FIREFINCH,67.jpg,"(224, 224)",224,224,JPEG,RGB
train,AFRICAN FIREFINCH,68.jpg,"(224, 224)",224,224,JPEG,RGB
train,AFRICAN FIREFINCH,69.jpg,"(224, 224)",224,224,JPEG,RGB
train,AFRICAN FIREFINCH,7.jpg,"(224, 224)",224,224,JPEG,RGB
train,AFRICAN FIREFINCH,70.jpg,"(224, 224)",224,224,JPEG,RGB
train,AFRICAN FIREFINCH,71.jpg,"(224, 224)",224,224,JPEG,RGB
train,AFRICAN FIREFINCH,73.jpg,"(224, 224)",224,224,JPEG,RGB
train,AFRICAN FIREFINCH,74.jpg,"(224, 224)",224,224,JPEG,RGB
train,AFRICAN FIREFINCH,75.jpg,"(224, 224)",224,224,JPEG,RGB
train,AFRICAN FIREFINCH,76.jpg,"(224, 224)",224,224,JPEG,RGB
train,AFRICAN FIREFINCH,78.jpg,"(224, 224)",224,224,JPEG,RGB
train,AFRICAN FIREFINCH,79.jpg,"(224, 224)",224,224,JPEG,RGB
train,AFRICAN FIREFINCH,8.jpg,"(224, 224)",224,224,JPEG,RGB
train,AFRICAN FIREFINCH,83.jpg,"(224, 224)",224,224,JPEG,RGB
train,AFRICAN FIREFINCH,84.jpg,"(224, 224)",224,224,JPEG,RGB
train,AFRICAN FIREFINCH,91.jpg,"(224, 224)",224,224,JPEG,RGB
train,AFRICAN FIREFINCH,92.jpg,"(224, 224)",224,224,JPEG,RGB
train,AFRICAN FIREFINCH,93.jpg,"(224, 224)",224,224,JPEG,RGB
train,AFRICAN FIREFINCH,95.jpg,"(224, 224)",224,224,JPEG,RGB
train,AFRICAN FIREFINCH,96.jpg,"(224, 224)",224,224,JPEG,RGB
train,AFRICAN FIREFINCH,98.jpg,"(224, 224)",224,224,JPEG,RGB
train,AFRICAN FIREFINCH,99.jpg,"(224, 224)",224,224,JPEG,RGB
train,AFRICAN OYSTER CATCHER,1.jpg,"(224, 224)",224,224,JPEG,RGB
train,AFRICAN OYSTER CATCHER,10.jpg,"(224, 224)",224,224,JPEG,RGB
train,AFRICAN OYSTER CATCHER,102.jpg,"(224, 224)",224,224,JPEG,RGB
train,AFRICAN OYSTER CATCHER,103.jpg,"(224, 224)",224,224,JPEG,RGB
train,AFRICAN OYSTER CATCHER,105.jpg,"(224, 224)",224,224,JPEG,RGB
train,AFRICAN OYSTER CATCHER,108.jpg,"(224, 224)",224,224,JPEG,RGB
train,AFRICAN OYSTER CATCHER,110.jpg,"(224, 224)",224,224,JPEG,RGB
train,AFRICAN OYSTER CATCHER,114.jpg,"(224, 224)",224,224,JPEG,RGB
train,AFRICAN OYSTER CATCHER,116.jpg,"(224, 224)",224,224,JPEG,RGB
train,AFRICAN OYSTER CATCHER,117.jpg,"(224, 224)",224,224,JPEG,RGB
train,AFRICAN OYSTER CATCHER,118.jpg,"(224, 224)",224,224,JPEG,RGB
train,AFRICAN OYSTER CATCHER,119.jpg,"(224, 224)",224,224,JPEG,RGB
train,AFRICAN OYSTER CATCHER,12.jpg,"(224, 224)",224,224,JPEG,RGB
train,AFRICAN OYSTER CATCHER,121.jpg,"(224, 224)",224,224,JPEG,RGB
train,AFRICAN OYSTER CATCHER,122.jpg,"(224, 224)",224,224,JPEG,RGB
train,AFRICAN OYSTER CATCHER,123.jpg,"(224, 224)",224,224,JPEG,RGB
train,AFRICAN OYSTER CATCHER,124.jpg,"(224, 224)",224,224,JPEG,RGB
train,AFRICAN OYSTER CATCHER,125.jpg,"(224, 224)",224,224,JPEG,RGB
train,AFRICAN OYSTER CATCHER,126.jpg,"(224, 224)",224,224,JPEG,RGB
train,AFRICAN OYSTER CATCHER,127.jpg,"(224, 224)",224,224,JPEG,RGB
train,AFRICAN OYSTER CATCHER,128.jpg,"(224, 224)",224,224,JPEG,RGB
train,AFRICAN OYSTER CATCHER,129.jpg,"(224, 224)",224,224,JPEG,RGB
train,AFRICAN OYSTER CATCHER,13.jpg,"(224, 224)",224,224,JPEG,RGB
train,AFRICAN OYSTER CATCHER,131.jpg,"(224, 224)",224,224,JPEG,RGB
train,AFRICAN OYSTER CATCHER,132.jpg,"(224, 224)",224,224,JPEG,RGB
train,AFRICAN OYSTER CATCHER,134.jpg,"(224, 224)",224,224,JPEG,RGB
train,AFRICAN OYSTER CATCHER,137.jpg,"(224, 224)",224,224,JPEG,RGB
train,AFRICAN OYSTER CATCHER,138.jpg,"(224, 224)",224,224,JPEG,RGB
train,AFRICAN OYSTER CATCHER,139.jpg,"(224, 224)",224,224,JPEG,RGB
train,AFRICAN OYSTER CATCHER,14.jpg,"(224, 224)",224,224,JPEG,RGB
train,AFRICAN OYSTER CATCHER,144.jpg,"(224, 224)",224,224,JPEG,RGB
train,AFRICAN OYSTER CATCHER,148.jpg,"(224, 224)",224,224,JPEG,RGB
train,AFRICAN OYSTER CATCHER,150.jpg,"(224, 224)",224,224,JPEG,RGB
train,AFRICAN OYSTER CATCHER,151.jpg,"(224, 224)",224,224,JPEG,RGB
train,AFRICAN OYSTER CATCHER,152.jpg,"(224, 224)",224,224,JPEG,RGB
train,AFRICAN OYSTER CATCHER,154.jpg,"(224, 224)",224,224,JPEG,RGB
train,AFRICAN OYSTER CATCHER,156.jpg,"(224, 224)",224,224,JPEG,RGB
train,AFRICAN OYSTER CATCHER,157.jpg,"(224, 224)",224,224,JPEG,RGB
train,AFRICAN OYSTER CATCHER,158.jpg,"(224, 224)",224,224,JPEG,RGB
train,AFRICAN OYSTER CATCHER,159.jpg,"(224, 224)",224,224,JPEG,RGB
train,AFRICAN OYSTER CATCHER,160.jpg,"(224, 224)",224,224,JPEG,RGB
train,AFRICAN OYSTER CATCHER,162.jpg,"(224, 224)",224,224,JPEG,RGB
train,AFRICAN OYSTER CATCHER,163.jpg,"(224, 224)",224,224,JPEG,RGB
train,AFRICAN OYSTER CATCHER,19.jpg,"(224, 224)",224,224,JPEG,RGB
train,AFRICAN OYSTER CATCHER,2.jpg,"(224, 224)",224,224,JPEG,RGB
train,AFRICAN OYSTER CATCHER,21.jpg,"(224, 224)",224,224,JPEG,RGB
train,AFRICAN OYSTER CATCHER,23.jpg,"(224, 224)",224,224,JPEG,RGB
train,AFRICAN OYSTER CATCHER,26.jpg,"(224, 224)",224,224,JPEG,RGB
train,AFRICAN OYSTER CATCHER,27.jpg,"(224, 224)",224,224,JPEG,RGB
train,AFRICAN OYSTER CATCHER,28.jpg,"(224, 224)",224,224,JPEG,RGB
train,AFRICAN OYSTER CATCHER,29.jpg,"(224, 224)",224,224,JPEG,RGB
train,AFRICAN OYSTER CATCHER,3.jpg,"(224, 224)",224,224,JPEG,RGB
train,AFRICAN OYSTER CATCHER,30.jpg,"(224, 224)",224,224,JPEG,RGB
train,AFRICAN OYSTER CATCHER,32.jpg,"(224, 224)",224,224,JPEG,RGB
train,AFRICAN OYSTER CATCHER,33.jpg,"(224, 224)",224,224,JPEG,RGB
train,AFRICAN OYSTER CATCHER,35.jpg,"(224, 224)",224,224,JPEG,RGB
train,AFRICAN OYSTER CATCHER,36.jpg,"(224, 224)",224,224,JPEG,RGB
train,AFRICAN OYSTER CATCHER,38.jpg,"(224, 224)",224,224,JPEG,RGB
train,AFRICAN OYSTER CATCHER,4.jpg,"(224, 224)",224,224,JPEG,RGB
train,AFRICAN OYSTER CATCHER,41.jpg,"(224, 224)",224,224,JPEG,RGB
train,AFRICAN OYSTER CATCHER,46.jpg,"(224, 224)",224,224,JPEG,RGB
train,AFRICAN OYSTER CATCHER,47.jpg,"(224, 224)",224,224,JPEG,RGB
train,AFRICAN OYSTER CATCHER,50.jpg,"(224, 224)",224,224,JPEG,RGB
train,AFRICAN OYSTER CATCHER,51.jpg,"(224, 224)",224,224,JPEG,RGB
train,AFRICAN OYSTER CATCHER,53.jpg,"(224, 224)",224,224,JPEG,RGB
train,AFRICAN OYSTER CATCHER,54.jpg,"(224, 224)",224,224,JPEG,RGB
train,AFRICAN OYSTER CATCHER,58.jpg,"(224, 224)",224,224,JPEG,RGB
train,AFRICAN OYSTER CATCHER,59.jpg,"(224, 224)",224,224,JPEG,RGB
train,AFRICAN OYSTER CATCHER,60.jpg,"(224, 224)",224,224,JPEG,RGB
train,AFRICAN OYSTER CATCHER,62.jpg,"(224, 224)",224,224,JPEG,RGB
train,AFRICAN OYSTER CATCHER,64.jpg,"(224, 224)",224,224,JPEG,RGB
train,AFRICAN OYSTER CATCHER,65.jpg,"(224, 224)",224,224,JPEG,RGB
train,AFRICAN OYSTER CATCHER,66.jpg,"(224, 224)",224,224,JPEG,RGB
train,AFRICAN OYSTER CATCHER,68.jpg,"(224, 224)",224,224,JPEG,RGB
train,AFRICAN OYSTER CATCHER,69.jpg,"(224, 224)",224,224,JPEG,RGB
train,AFRICAN OYSTER CATCHER,70.jpg,"(224, 224)",224,224,JPEG,RGB
train,AFRICAN OYSTER CATCHER,72.jpg,"(224, 224)",224,224,JPEG,RGB
train,AFRICAN OYSTER CATCHER,73.jpg,"(224, 224)",224,224,JPEG,RGB
train,AFRICAN OYSTER CATCHER,74.jpg,"(224, 224)",224,224,JPEG,RGB
train,AFRICAN OYSTER CATCHER,75.jpg,"(224, 224)",224,224,JPEG,RGB
train,AFRICAN OYSTER CATCHER,76.jpg,"(224, 224)",224,224,JPEG,RGB
train,AFRICAN OYSTER CATCHER,78.jpg,"(224, 224)",224,224,JPEG,RGB
train,AFRICAN OYSTER CATCHER,80.jpg,"(224, 224)",224,224,JPEG,RGB
train,AFRICAN OYSTER CATCHER,81.jpg,"(224, 224)",224,224,JPEG,RGB
train,AFRICAN OYSTER CATCHER,82.jpg,"(224, 224)",224,224,JPEG,RGB
train,AFRICAN OYSTER CATCHER,84.jpg,"(224, 224)",224,224,JPEG,RGB
train,AFRICAN OYSTER CATCHER,85.jpg,"(224, 224)",224,224,JPEG,RGB
train,AFRICAN OYSTER CATCHER,87.jpg,"(224, 224)",224,224,JPEG,RGB
train,AFRICAN OYSTER CATCHER,88.jpg,"(224, 224)",224,224,JPEG,RGB
train,AFRICAN OYSTER CATCHER,89.jpg,"(224, 224)",224,224,JPEG,RGB
train,AFRICAN OYSTER CATCHER,9.jpg,"(224, 224)",224,224,JPEG,RGB
train,AFRICAN OYSTER CATCHER,90.jpg,"(224, 224)",224,224,JPEG,RGB
train,AFRICAN OYSTER CATCHER,92.jpg,"(224, 224)",224,224,JPEG,RGB
train,AFRICAN OYSTER CATCHER,93.jpg,"(224, 224)",224,224,JPEG,RGB
train,AFRICAN OYSTER CATCHER,94.jpg,"(224, 224)",224,224,JPEG,RGB
train,AFRICAN OYSTER CATCHER,95.jpg,"(224, 224)",224,224,JPEG,RGB
train,AFRICAN OYSTER CATCHER,97.jpg,"(224, 224)",224,224,JPEG,RGB
train,AFRICAN OYSTER CATCHER,98.jpg,"(224, 224)",224,224,JPEG,RGB
train,AFRICAN PIED HORNBILL,10.jpg,"(224, 224)",224,224,JPEG,RGB
train,AFRICAN PIED HORNBILL,102.jpg,"(224, 224)",224,224,JPEG,RGB
train,AFRICAN PIED HORNBILL,104.jpg,"(224, 224)",224,224,JPEG,RGB
train,AFRICAN PIED HORNBILL,106.jpg,"(224, 224)",224,224,JPEG,RGB
train,AFRICAN PIED HORNBILL,107.jpg,"(224, 224)",224,224,JPEG,RGB
train,AFRICAN PIED HORNBILL,109.jpg,"(224, 224)",224,224,JPEG,RGB
train,AFRICAN PIED HORNBILL,11.jpg,"(224, 224)",224,224,JPEG,RGB
train,AFRICAN PIED HORNBILL,110.jpg,"(224, 224)",224,224,JPEG,RGB
train,AFRICAN PIED HORNBILL,113.jpg,"(224, 224)",224,224,JPEG,RGB
train,AFRICAN PIED HORNBILL,114.jpg,"(224, 224)",224,224,JPEG,RGB
train,AFRICAN PIED HORNBILL,115.jpg,"(224, 224)",224,224,JPEG,RGB
train,AFRICAN PIED HORNBILL,116.jpg,"(224, 224)",224,224,JPEG,RGB
train,AFRICAN PIED HORNBILL,119.jpg,"(224, 224)",224,224,JPEG,RGB
train,AFRICAN PIED HORNBILL,12.jpg,"(224, 224)",224,224,JPEG,RGB
train,AFRICAN PIED HORNBILL,121.jpg,"(224, 224)",224,224,JPEG,RGB
train,AFRICAN PIED HORNBILL,122.jpg,"(224, 224)",224,224,JPEG,RGB
train,AFRICAN PIED HORNBILL,123.jpg,"(224, 224)",224,224,JPEG,RGB
train,AFRICAN PIED HORNBILL,126.jpg,"(224, 224)",224,224,JPEG,RGB
train,AFRICAN PIED HORNBILL,128.jpg,"(224, 224)",224,224,JPEG,RGB
train,AFRICAN PIED HORNBILL,129.jpg,"(224, 224)",224,224,JPEG,RGB
train,AFRICAN PIED HORNBILL,132.jpg,"(224, 224)",224,224,JPEG,RGB
train,AFRICAN PIED HORNBILL,133.jpg,"(224, 224)",224,224,JPEG,RGB
train,AFRICAN PIED HORNBILL,135.jpg,"(224, 224)",224,224,JPEG,RGB
train,AFRICAN PIED HORNBILL,136.jpg,"(224, 224)",224,224,JPEG,RGB
train,AFRICAN PIED HORNBILL,139.jpg,"(224, 224)",224,224,JPEG,RGB
train,AFRICAN PIED HORNBILL,14.jpg,"(224, 224)",224,224,JPEG,RGB
train,AFRICAN PIED HORNBILL,140.jpg,"(224, 224)",224,224,JPEG,RGB
train,AFRICAN PIED HORNBILL,141.jpg,"(224, 224)",224,224,JPEG,RGB
train,AFRICAN PIED HORNBILL,148.jpg,"(224, 224)",224,224,JPEG,RGB
train,AFRICAN PIED HORNBILL,150.jpg,"(224, 224)",224,224,JPEG,RGB
train,AFRICAN PIED HORNBILL,153.jpg,"(224, 224)",224,224,JPEG,RGB
train,AFRICAN PIED HORNBILL,156.jpg,"(224, 224)",224,224,JPEG,RGB
train,AFRICAN PIED HORNBILL,157.jpg,"(224, 224)",224,224,JPEG,RGB
train,AFRICAN PIED HORNBILL,158.jpg,"(224, 224)",224,224,JPEG,RGB
train,AFRICAN PIED HORNBILL,16.jpg,"(224, 224)",224,224,JPEG,RGB
train,AFRICAN PIED HORNBILL,160.jpg,"(224, 224)",224,224,JPEG,RGB
train,AFRICAN PIED HORNBILL,161.jpg,"(224, 224)",224,224,JPEG,RGB
train,AFRICAN PIED HORNBILL,163.jpg,"(224, 224)",224,224,JPEG,RGB
train,AFRICAN PIED HORNBILL,166.jpg,"(224, 224)",224,224,JPEG,RGB
train,AFRICAN PIED HORNBILL,168.jpg,"(224, 224)",224,224,JPEG,RGB
train,AFRICAN PIED HORNBILL,169.jpg,"(224, 224)",224,224,JPEG,RGB
train,AFRICAN PIED HORNBILL,171.jpg,"(224, 224)",224,224,JPEG,RGB
train,AFRICAN PIED HORNBILL,173.jpg,"(224, 224)",224,224,JPEG,RGB
train,AFRICAN PIED HORNBILL,174.jpg,"(224, 224)",224,224,JPEG,RGB
train,AFRICAN PIED HORNBILL,176.jpg,"(224, 224)",224,224,JPEG,RGB
train,AFRICAN PIED HORNBILL,178.jpg,"(224, 224)",224,224,JPEG,RGB
train,AFRICAN PIED HORNBILL,179.jpg,"(224, 224)",224,224,JPEG,RGB
train,AFRICAN PIED HORNBILL,180.jpg,"(224, 224)",224,224,JPEG,RGB
train,AFRICAN PIED HORNBILL,184.jpg,"(224, 224)",224,224,JPEG,RGB
train,AFRICAN PIED HORNBILL,185.jpg,"(224, 224)",224,224,JPEG,RGB
train,AFRICAN PIED HORNBILL,186.jpg,"(224, 224)",224,224,JPEG,RGB
train,AFRICAN PIED HORNBILL,189.jpg,"(224, 224)",224,224,JPEG,RGB
train,AFRICAN PIED HORNBILL,190.jpg,"(224, 224)",224,224,JPEG,RGB
train,AFRICAN PIED HORNBILL,191.jpg,"(224, 224)",224,224,JPEG,RGB
train,AFRICAN PIED HORNBILL,192.jpg,"(224, 224)",224,224,JPEG,RGB
train,AFRICAN PIED HORNBILL,193.jpg,"(224, 224)",224,224,JPEG,RGB
train,AFRICAN PIED HORNBILL,195.jpg,"(224, 224)",224,224,JPEG,RGB
train,AFRICAN PIED HORNBILL,21.jpg,"(224, 224)",224,224,JPEG,RGB
train,AFRICAN PIED HORNBILL,22.jpg,"(224, 224)",224,224,JPEG,RGB
train,AFRICAN PIED HORNBILL,24.jpg,"(224, 224)",224,224,JPEG,RGB
train,AFRICAN PIED HORNBILL,29.jpg,"(224, 224)",224,224,JPEG,RGB
train,AFRICAN PIED HORNBILL,3.jpg,"(224, 224)",224,224,JPEG,RGB
train,AFRICAN PIED HORNBILL,30.jpg,"(224, 224)",224,224,JPEG,RGB
train,AFRICAN PIED HORNBILL,35.jpg,"(224, 224)",224,224,JPEG,RGB
train,AFRICAN PIED HORNBILL,38.jpg,"(224, 224)",224,224,JPEG,RGB
train,AFRICAN PIED HORNBILL,4.jpg,"(224, 224)",224,224,JPEG,RGB
train,AFRICAN PIED HORNBILL,42.jpg,"(224, 224)",224,224,JPEG,RGB
train,AFRICAN PIED HORNBILL,43.jpg,"(224, 224)",224,224,JPEG,RGB
train,AFRICAN PIED HORNBILL,46.jpg,"(224, 224)",224,224,JPEG,RGB
train,AFRICAN PIED HORNBILL,48.jpg,"(224, 224)",224,224,JPEG,RGB
train,AFRICAN PIED HORNBILL,49.jpg,"(224, 224)",224,224,JPEG,RGB
train,AFRICAN PIED HORNBILL,5.jpg,"(224, 224)",224,224,JPEG,RGB
train,AFRICAN PIED HORNBILL,51.jpg,"(224, 224)",224,224,JPEG,RGB
train,AFRICAN PIED HORNBILL,52.jpg,"(224, 224)",224,224,JPEG,RGB
train,AFRICAN PIED HORNBILL,55.jpg,"(224, 224)",224,224,JPEG,RGB
train,AFRICAN PIED HORNBILL,57.jpg,"(224, 224)",224,224,JPEG,RGB
train,AFRICAN PIED HORNBILL,58.jpg,"(224, 224)",224,224,JPEG,RGB
train,AFRICAN PIED HORNBILL,59.jpg,"(224, 224)",224,224,JPEG,RGB
train,AFRICAN PIED HORNBILL,6.jpg,"(224, 224)",224,224,JPEG,RGB
train,AFRICAN PIED HORNBILL,61.jpg,"(224, 224)",224,224,JPEG,RGB
train,AFRICAN PIED HORNBILL,62.jpg,"(224, 224)",224,224,JPEG,RGB
train,AFRICAN PIED HORNBILL,63.jpg,"(224, 224)",224,224,JPEG,RGB
train,AFRICAN PIED HORNBILL,64.jpg,"(224, 224)",224,224,JPEG,RGB
train,AFRICAN PIED HORNBILL,66.jpg,"(224, 224)",224,224,JPEG,RGB
train,AFRICAN PIED HORNBILL,68.jpg,"(224, 224)",224,224,JPEG,RGB
train,AFRICAN PIED HORNBILL,71.jpg,"(224, 224)",224,224,JPEG,RGB
train,AFRICAN PIED HORNBILL,73.jpg,"(224, 224)",224,224,JPEG,RGB
train,AFRICAN PIED HORNBILL,77.jpg,"(224, 224)",224,224,JPEG,RGB
train,AFRICAN PIED HORNBILL,79.jpg,"(224, 224)",224,224,JPEG,RGB
train,AFRICAN PIED HORNBILL,8.jpg,"(224, 224)",224,224,JPEG,RGB
train,AFRICAN PIED HORNBILL,80.jpg,"(224, 224)",224,224,JPEG,RGB
train,AFRICAN PIED HORNBILL,82.jpg,"(224, 224)",224,224,JPEG,RGB
train,AFRICAN PIED HORNBILL,85.jpg,"(224, 224)",224,224,JPEG,RGB
train,AFRICAN PIED HORNBILL,86.jpg,"(224, 224)",224,224,JPEG,RGB
train,AFRICAN PIED HORNBILL,89.jpg,"(224, 224)",224,224,JPEG,RGB
train,AFRICAN PIED HORNBILL,90.jpg,"(224, 224)",224,224,JPEG,RGB
train,AFRICAN PIED HORNBILL,94.jpg,"(224, 224)",224,224,JPEG,RGB
train,AFRICAN PIED HORNBILL,97.jpg,"(224, 224)",224,224,JPEG,RGB
train,AFRICAN PYGMY GOOSE,100.jpg,"(224, 224)",224,224,JPEG,RGB
train,AFRICAN PYGMY GOOSE,101.jpg,"(224, 224)",224,224,JPEG,RGB
train,AFRICAN PYGMY GOOSE,102.jpg,"(224, 224)",224,224,JPEG,RGB
train,AFRICAN PYGMY GOOSE,104.jpg,"(224, 224)",224,224,JPEG,RGB
train,AFRICAN PYGMY GOOSE,105.jpg,"(224, 224)",224,224,JPEG,RGB
train,AFRICAN PYGMY GOOSE,108.jpg,"(224, 224)",224,224,JPEG,RGB
train,AFRICAN PYGMY GOOSE,110.jpg,"(224, 224)",224,224,JPEG,RGB
train,AFRICAN PYGMY GOOSE,111.jpg,"(224, 224)",224,224,JPEG,RGB
train,AFRICAN PYGMY GOOSE,112.jpg,"(224, 224)",224,224,JPEG,RGB
train,AFRICAN PYGMY GOOSE,113.jpg,"(224, 224)",224,224,JPEG,RGB
train,AFRICAN PYGMY GOOSE,117.jpg,"(224, 224)",224,224,JPEG,RGB
train,AFRICAN PYGMY GOOSE,118.jpg,"(224, 224)",224,224,JPEG,RGB
train,AFRICAN PYGMY GOOSE,119.jpg,"(224, 224)",224,224,JPEG,RGB
train,AFRICAN PYGMY GOOSE,120.jpg,"(224, 224)",224,224,JPEG,RGB
train,AFRICAN PYGMY GOOSE,122.jpg,"(224, 224)",224,224,JPEG,RGB
train,AFRICAN PYGMY GOOSE,126.jpg,"(224, 224)",224,224,JPEG,RGB
train,AFRICAN PYGMY GOOSE,127.jpg,"(224, 224)",224,224,JPEG,RGB
train,AFRICAN PYGMY GOOSE,13.jpg,"(224, 224)",224,224,JPEG,RGB
train,AFRICAN PYGMY GOOSE,130.jpg,"(224, 224)",224,224,JPEG,RGB
train,AFRICAN PYGMY GOOSE,131.jpg,"(224, 224)",224,224,JPEG,RGB
train,AFRICAN PYGMY GOOSE,134.jpg,"(224, 224)",224,224,JPEG,RGB
train,AFRICAN PYGMY GOOSE,136.jpg,"(224, 224)",224,224,JPEG,RGB
train,AFRICAN PYGMY GOOSE,137.jpg,"(224, 224)",224,224,JPEG,RGB
train,AFRICAN PYGMY GOOSE,14.jpg,"(224, 224)",224,224,JPEG,RGB
train,AFRICAN PYGMY GOOSE,140.jpg,"(224, 224)",224,224,JPEG,RGB
train,AFRICAN PYGMY GOOSE,141.jpg,"(224, 224)",224,224,JPEG,RGB
train,AFRICAN PYGMY GOOSE,142.jpg,"(224, 224)",224,224,JPEG,RGB
train,AFRICAN PYGMY GOOSE,145.jpg,"(224, 224)",224,224,JPEG,RGB
train,AFRICAN PYGMY GOOSE,148.jpg,"(224, 224)",224,224,JPEG,RGB
train,AFRICAN PYGMY GOOSE,151.jpg,"(224, 224)",224,224,JPEG,RGB
train,AFRICAN PYGMY GOOSE,152.jpg,"(224, 224)",224,224,JPEG,RGB
train,AFRICAN PYGMY GOOSE,154.jpg,"(224, 224)",224,224,JPEG,RGB
train,AFRICAN PYGMY GOOSE,155.jpg,"(224, 224)",224,224,JPEG,RGB
train,AFRICAN PYGMY GOOSE,159.jpg,"(224, 224)",224,224,JPEG,RGB
train,AFRICAN PYGMY GOOSE,160.jpg,"(224, 224)",224,224,JPEG,RGB
train,AFRICAN PYGMY GOOSE,162.jpg,"(224, 224)",224,224,JPEG,RGB
train,AFRICAN PYGMY GOOSE,164.jpg,"(224, 224)",224,224,JPEG,RGB
train,AFRICAN PYGMY GOOSE,165.jpg,"(224, 224)",224,224,JPEG,RGB
train,AFRICAN PYGMY GOOSE,167.jpg,"(224, 224)",224,224,JPEG,RGB
train,AFRICAN PYGMY GOOSE,168.jpg,"(224, 224)",224,224,JPEG,RGB
train,AFRICAN PYGMY GOOSE,174.jpg,"(224, 224)",224,224,JPEG,RGB
train,AFRICAN PYGMY GOOSE,178.jpg,"(224, 224)",224,224,JPEG,RGB
train,AFRICAN PYGMY GOOSE,179.jpg,"(224, 224)",224,224,JPEG,RGB
train,AFRICAN PYGMY GOOSE,181.jpg,"(224, 224)",224,224,JPEG,RGB
train,AFRICAN PYGMY GOOSE,182.jpg,"(224, 224)",224,224,JPEG,RGB
train,AFRICAN PYGMY GOOSE,184.jpg,"(224, 224)",224,224,JPEG,RGB
train,AFRICAN PYGMY GOOSE,185.jpg,"(224, 224)",224,224,JPEG,RGB
train,AFRICAN PYGMY GOOSE,186.jpg,"(224, 224)",224,224,JPEG,RGB
train,AFRICAN PYGMY GOOSE,19.jpg,"(224, 224)",224,224,JPEG,RGB
train,AFRICAN PYGMY GOOSE,20.jpg,"(224, 224)",224,224,JPEG,RGB
train,AFRICAN PYGMY GOOSE,22.jpg,"(224, 224)",224,224,JPEG,RGB
train,AFRICAN PYGMY GOOSE,23.jpg,"(224, 224)",224,224,JPEG,RGB
train,AFRICAN PYGMY GOOSE,25.jpg,"(224, 224)",224,224,JPEG,RGB
train,AFRICAN PYGMY GOOSE,28.jpg,"(224, 224)",224,224,JPEG,RGB
train,AFRICAN PYGMY GOOSE,29.jpg,"(224, 224)",224,224,JPEG,RGB
train,AFRICAN PYGMY GOOSE,3.jpg,"(224, 224)",224,224,JPEG,RGB
train,AFRICAN PYGMY GOOSE,30.jpg,"(224, 224)",224,224,JPEG,RGB
train,AFRICAN PYGMY GOOSE,31.jpg,"(224, 224)",224,224,JPEG,RGB
train,AFRICAN PYGMY GOOSE,33.jpg,"(224, 224)",224,224,JPEG,RGB
train,AFRICAN PYGMY GOOSE,34.jpg,"(224, 224)",224,224,JPEG,RGB
train,AFRICAN PYGMY GOOSE,35.jpg,"(224, 224)",224,224,JPEG,RGB
train,AFRICAN PYGMY GOOSE,40.jpg,"(224, 224)",224,224,JPEG,RGB
train,AFRICAN PYGMY GOOSE,45.jpg,"(224, 224)",224,224,JPEG,RGB
train,AFRICAN PYGMY GOOSE,47.jpg,"(224, 224)",224,224,JPEG,RGB
train,AFRICAN PYGMY GOOSE,5.jpg,"(224, 224)",224,224,JPEG,RGB
train,AFRICAN PYGMY GOOSE,51.jpg,"(224, 224)",224,224,JPEG,RGB
train,AFRICAN PYGMY GOOSE,52.jpg,"(224, 224)",224,224,JPEG,RGB
train,AFRICAN PYGMY GOOSE,53.jpg,"(224, 224)",224,224,JPEG,RGB
train,AFRICAN PYGMY GOOSE,54.jpg,"(224, 224)",224,224,JPEG,RGB
train,AFRICAN PYGMY GOOSE,58.jpg,"(224, 224)",224,224,JPEG,RGB
train,AFRICAN PYGMY GOOSE,59.jpg,"(224, 224)",224,224,JPEG,RGB
train,AFRICAN PYGMY GOOSE,6.jpg,"(224, 224)",224,224,JPEG,RGB
train,AFRICAN PYGMY GOOSE,60.jpg,"(224, 224)",224,224,JPEG,RGB
train,AFRICAN PYGMY GOOSE,62.jpg,"(224, 224)",224,224,JPEG,RGB
train,AFRICAN PYGMY GOOSE,63.jpg,"(224, 224)",224,224,JPEG,RGB
train,AFRICAN PYGMY GOOSE,66.jpg,"(224, 224)",224,224,JPEG,RGB
train,AFRICAN PYGMY GOOSE,67.jpg,"(224, 224)",224,224,JPEG,RGB
train,AFRICAN PYGMY GOOSE,7.jpg,"(224, 224)",224,224,JPEG,RGB
train,AFRICAN PYGMY GOOSE,70.jpg,"(224, 224)",224,224,JPEG,RGB
train,AFRICAN PYGMY GOOSE,72.jpg,"(224, 224)",224,224,JPEG,RGB
train,AFRICAN PYGMY GOOSE,73.jpg,"(224, 224)",224,224,JPEG,RGB
train,AFRICAN PYGMY GOOSE,74.jpg,"(224, 224)",224,224,JPEG,RGB
train,AFRICAN PYGMY GOOSE,75.jpg,"(224, 224)",224,224,JPEG,RGB
train,AFRICAN PYGMY GOOSE,77.jpg,"(224, 224)",224,224,JPEG,RGB
train,AFRICAN PYGMY GOOSE,79.jpg,"(224, 224)",224,224,JPEG,RGB
train,AFRICAN PYGMY GOOSE,8.jpg,"(224, 224)",224,224,JPEG,RGB
train,AFRICAN PYGMY GOOSE,80.jpg,"(224, 224)",224,224,JPEG,RGB
train,AFRICAN PYGMY GOOSE,81.jpg,"(224, 224)",224,224,JPEG,RGB
train,AFRICAN PYGMY GOOSE,82.jpg,"(224, 224)",224,224,JPEG,RGB
train,AFRICAN PYGMY GOOSE,85.jpg,"(224, 224)",224,224,JPEG,RGB
train,AFRICAN PYGMY GOOSE,86.jpg,"(224, 224)",224,224,JPEG,RGB
train,AFRICAN PYGMY GOOSE,89.jpg,"(224, 224)",224,224,JPEG,RGB
train,AFRICAN PYGMY GOOSE,9.jpg,"(224, 224)",224,224,JPEG,RGB
train,AFRICAN PYGMY GOOSE,90.jpg,"(224, 224)",224,224,JPEG,RGB
train,AFRICAN PYGMY GOOSE,91.jpg,"(224, 224)",224,224,JPEG,RGB
train,AFRICAN PYGMY GOOSE,92.jpg,"(224, 224)",224,224,JPEG,RGB
train,AFRICAN PYGMY GOOSE,95.jpg,"(224, 224)",224,224,JPEG,RGB
train,AFRICAN PYGMY GOOSE,99.jpg,"(224, 224)",224,224,JPEG,RGB
train,ALBATROSS,1.jpg,"(224, 224)",224,224,JPEG,RGB
train,ALBATROSS,10.jpg,"(224, 224)",224,224,JPEG,RGB
train,ALBATROSS,100.jpg,"(224, 224)",224,224,JPEG,RGB
train,ALBATROSS,103.jpg,"(224, 224)",224,224,JPEG,RGB
train,ALBATROSS,105.jpg,"(224, 224)",224,224,JPEG,RGB
train,ALBATROSS,107.jpg,"(224, 224)",224,224,JPEG,RGB
train,ALBATROSS,109.jpg,"(224, 224)",224,224,JPEG,RGB
train,ALBATROSS,11.jpg,"(224, 224)",224,224,JPEG,RGB
train,ALBATROSS,111.jpg,"(224, 224)",224,224,JPEG,RGB
train,ALBATROSS,112.jpg,"(224, 224)",224,224,JPEG,RGB
train,ALBATROSS,113.jpg,"(224, 224)",224,224,JPEG,RGB
train,ALBATROSS,114.jpg,"(224, 224)",224,224,JPEG,RGB
train,ALBATROSS,115.jpg,"(224, 224)",224,224,JPEG,RGB
train,ALBATROSS,116.jpg,"(224, 224)",224,224,JPEG,RGB
train,ALBATROSS,117.jpg,"(224, 224)",224,224,JPEG,RGB
train,ALBATROSS,118.jpg,"(224, 224)",224,224,JPEG,RGB
train,ALBATROSS,119.jpg,"(224, 224)",224,224,JPEG,RGB
train,ALBATROSS,12.jpg,"(224, 224)",224,224,JPEG,RGB
train,ALBATROSS,121.jpg,"(224, 224)",224,224,JPEG,RGB
train,ALBATROSS,123.jpg,"(224, 224)",224,224,JPEG,RGB
train,ALBATROSS,124.jpg,"(224, 224)",224,224,JPEG,RGB
train,ALBATROSS,125.jpg,"(224, 224)",224,224,JPEG,RGB
train,ALBATROSS,126.jpg,"(224, 224)",224,224,JPEG,RGB
train,ALBATROSS,127.jpg,"(224, 224)",224,224,JPEG,RGB
train,ALBATROSS,128.jpg,"(224, 224)",224,224,JPEG,RGB
train,ALBATROSS,129.jpg,"(224, 224)",224,224,JPEG,RGB
train,ALBATROSS,13.jpg,"(224, 224)",224,224,JPEG,RGB
train,ALBATROSS,131.jpg,"(224, 224)",224,224,JPEG,RGB
train,ALBATROSS,132.jpg,"(224, 224)",224,224,JPEG,RGB
train,ALBATROSS,133.jpg,"(224, 224)",224,224,JPEG,RGB
train,ALBATROSS,135.jpg,"(224, 224)",224,224,JPEG,RGB
train,ALBATROSS,136.jpg,"(224, 224)",224,224,JPEG,RGB
train,ALBATROSS,139.jpg,"(224, 224)",224,224,JPEG,RGB
train,ALBATROSS,14.jpg,"(224, 224)",224,224,JPEG,RGB
train,ALBATROSS,142.jpg,"(224, 224)",224,224,JPEG,RGB
train,ALBATROSS,15.jpg,"(224, 224)",224,224,JPEG,RGB
train,ALBATROSS,17.jpg,"(224, 224)",224,224,JPEG,RGB
train,ALBATROSS,19.jpg,"(224, 224)",224,224,JPEG,RGB
train,ALBATROSS,20.jpg,"(224, 224)",224,224,JPEG,RGB
train,ALBATROSS,21.jpg,"(224, 224)",224,224,JPEG,RGB
train,ALBATROSS,23.jpg,"(224, 224)",224,224,JPEG,RGB
train,ALBATROSS,24.jpg,"(224, 224)",224,224,JPEG,RGB
train,ALBATROSS,25.jpg,"(224, 224)",224,224,JPEG,RGB
train,ALBATROSS,26.jpg,"(224, 224)",224,224,JPEG,RGB
train,ALBATROSS,28.jpg,"(224, 224)",224,224,JPEG,RGB
train,ALBATROSS,29.jpg,"(224, 224)",224,224,JPEG,RGB
train,ALBATROSS,3.jpg,"(224, 224)",224,224,JPEG,RGB
train,ALBATROSS,31.jpg,"(224, 224)",224,224,JPEG,RGB
train,ALBATROSS,32.jpg,"(224, 224)",224,224,JPEG,RGB
train,ALBATROSS,34.jpg,"(224, 224)",224,224,JPEG,RGB
train,ALBATROSS,35.jpg,"(224, 224)",224,224,JPEG,RGB
train,ALBATROSS,37.jpg,"(224, 224)",224,224,JPEG,RGB
train,ALBATROSS,38.jpg,"(224, 224)",224,224,JPEG,RGB
train,ALBATROSS,39.jpg,"(224, 224)",224,224,JPEG,RGB
train,ALBATROSS,40.jpg,"(224, 224)",224,224,JPEG,RGB
train,ALBATROSS,41.jpg,"(224, 224)",224,224,JPEG,RGB
train,ALBATROSS,42.jpg,"(224, 224)",224,224,JPEG,RGB
train,ALBATROSS,43.jpg,"(224, 224)",224,224,JPEG,RGB
train,ALBATROSS,44.jpg,"(224, 224)",224,224,JPEG,RGB
train,ALBATROSS,45.jpg,"(224, 224)",224,224,JPEG,RGB
train,ALBATROSS,46.jpg,"(224, 224)",224,224,JPEG,RGB
train,ALBATROSS,47.jpg,"(224, 224)",224,224,JPEG,RGB
train,ALBATROSS,49.jpg,"(224, 224)",224,224,JPEG,RGB
train,ALBATROSS,5.jpg,"(224, 224)",224,224,JPEG,RGB
train,ALBATROSS,50.jpg,"(224, 224)",224,224,JPEG,RGB
train,ALBATROSS,51.jpg,"(224, 224)",224,224,JPEG,RGB
train,ALBATROSS,52.jpg,"(224, 224)",224,224,JPEG,RGB
train,ALBATROSS,55.jpg,"(224, 224)",224,224,JPEG,RGB
train,ALBATROSS,56.jpg,"(224, 224)",224,224,JPEG,RGB
train,ALBATROSS,57.jpg,"(224, 224)",224,224,JPEG,RGB
train,ALBATROSS,58.jpg,"(224, 224)",224,224,JPEG,RGB
train,ALBATROSS,60.jpg,"(224, 224)",224,224,JPEG,RGB
train,ALBATROSS,62.jpg,"(224, 224)",224,224,JPEG,RGB
train,ALBATROSS,64.jpg,"(224, 224)",224,224,JPEG,RGB
train,ALBATROSS,65.jpg,"(224, 224)",224,224,JPEG,RGB
train,ALBATROSS,68.jpg,"(224, 224)",224,224,JPEG,RGB
train,ALBATROSS,7.jpg,"(224, 224)",224,224,JPEG,RGB
train,ALBATROSS,71.jpg,"(224, 224)",224,224,JPEG,RGB
train,ALBATROSS,73.jpg,"(224, 224)",224,224,JPEG,RGB
train,ALBATROSS,74.jpg,"(224, 224)",224,224,JPEG,RGB
train,ALBATROSS,76.jpg,"(224, 224)",224,224,JPEG,RGB
train,ALBATROSS,77.jpg,"(224, 224)",224,224,JPEG,RGB
train,ALBATROSS,8.jpg,"(224, 224)",224,224,JPEG,RGB
train,ALBATROSS,80.jpg,"(224, 224)",224,224,JPEG,RGB
train,ALBATROSS,81.jpg,"(224, 224)",224,224,JPEG,RGB
train,ALBATROSS,82.jpg,"(224, 224)",224,224,JPEG,RGB
train,ALBATROSS,84.jpg,"(224, 224)",224,224,JPEG,RGB
train,ALBATROSS,85.jpg,"(224, 224)",224,224,JPEG,RGB
train,ALBATROSS,87.jpg,"(224, 224)",224,224,JPEG,RGB
train,ALBATROSS,88.jpg,"(224, 224)",224,224,JPEG,RGB
train,ALBATROSS,9.jpg,"(224, 224)",224,224,JPEG,RGB
train,ALBATROSS,90.jpg,"(224, 224)",224,224,JPEG,RGB
train,ALBATROSS,93.jpg,"(224, 224)",224,224,JPEG,RGB
train,ALBATROSS,94.jpg,"(224, 224)",224,224,JPEG,RGB
train,ALBATROSS,96.jpg,"(224, 224)",224,224,JPEG,RGB
train,ALBATROSS,97.jpg,"(224, 224)",224,224,JPEG,RGB
train,ALBATROSS,98.jpg,"(224, 224)",224,224,JPEG,RGB
train,ALBATROSS,99.jpg,"(224, 224)",224,224,JPEG,RGB
valid,ABBOTTS BABBLER,10.jpg,"(224, 224)",224,224,JPEG,RGB
valid,ABBOTTS BABBLER,101.jpg,"(224, 224)",224,224,JPEG,RGB
valid,ABBOTTS BABBLER,120.jpg,"(224, 224)",224,224,JPEG,RGB
valid,ABBOTTS BABBLER,138.jpg,"(224, 224)",224,224,JPEG,RGB
valid,ABBOTTS BABBLER,141.jpg,"(224, 224)",224,224,JPEG,RGB
valid,ABBOTTS BABBLER,145.jpg,"(224, 224)",224,224,JPEG,RGB
valid,ABBOTTS BABBLER,156.jpg,"(224, 224)",224,224,JPEG,RGB
valid,ABBOTTS BABBLER,162.jpg,"(224, 224)",224,224,JPEG,RGB
valid,ABBOTTS BABBLER,163.jpg,"(224, 224)",224,224,JPEG,RGB
valid,ABBOTTS BABBLER,21.jpg,"(224, 224)",224,224,JPEG,RGB
valid,ABBOTTS BABBLER,29.jpg,"(224, 224)",224,224,JPEG,RGB
valid,ABBOTTS BABBLER,33.jpg,"(224, 224)",224,224,JPEG,RGB
valid,ABBOTTS BABBLER,34.jpg,"(224, 224)",224,224,JPEG,RGB
valid,ABBOTTS BABBLER,51.jpg,"(224, 224)",224,224,JPEG,RGB
valid,ABBOTTS BABBLER,56.jpg,"(224, 224)",224,224,JPEG,RGB
valid,ABBOTTS BABBLER,58.jpg,"(224, 224)",224,224,JPEG,RGB
valid,ABBOTTS BABBLER,59.jpg,"(224, 224)",224,224,JPEG,RGB
valid,ABBOTTS BABBLER,65.jpg,"(224, 224)",224,224,JPEG,RGB
valid,ABBOTTS BABBLER,74.jpg,"(224, 224)",224,224,JPEG,RGB
valid,ABBOTTS BABBLER,75.jpg,"(224, 224)",224,224,JPEG,RGB
valid,ABBOTTS BABBLER,94.jpg,"(224, 224)",224,224,JPEG,RGB
valid,ABBOTTS BOOBY,101.jpg,"(224, 224)",224,224,JPEG,RGB
valid,ABBOTTS BOOBY,111.jpg,"(224, 224)",224,224,JPEG,RGB
valid,ABBOTTS BOOBY,114.jpg,"(224, 224)",224,224,JPEG,RGB
valid,ABBOTTS BOOBY,115.jpg,"(224, 224)",224,224,JPEG,RGB
valid,ABBOTTS BOOBY,118.jpg,"(224, 224)",224,224,JPEG,RGB
valid,ABBOTTS BOOBY,130.jpg,"(224, 224)",224,224,JPEG,RGB
valid,ABBOTTS BOOBY,135.jpg,"(224, 224)",224,224,JPEG,RGB
valid,ABBOTTS BOOBY,147.jpg,"(224, 224)",224,224,JPEG,RGB
valid,ABBOTTS BOOBY,148.jpg,"(224, 224)",224,224,JPEG,RGB
valid,ABBOTTS BOOBY,169.jpg,"(224, 224)",224,224,JPEG,RGB
valid,ABBOTTS BOOBY,171.jpg,"(224, 224)",224,224,JPEG,RGB
valid,ABBOTTS BOOBY,177.jpg,"(224, 224)",224,224,JPEG,RGB
valid,ABBOTTS BOOBY,2.jpg,"(224, 224)",224,224,JPEG,RGB
valid,ABBOTTS BOOBY,23.jpg,"(224, 224)",224,224,JPEG,RGB
valid,ABBOTTS BOOBY,39.jpg,"(224, 224)",224,224,JPEG,RGB
valid,ABBOTTS BOOBY,46.jpg,"(224, 224)",224,224,JPEG,RGB
valid,ABBOTTS BOOBY,49.jpg,"(224, 224)",224,224,JPEG,RGB
valid,ABBOTTS BOOBY,70.jpg,"(224, 224)",224,224,JPEG,RGB
valid,ABBOTTS BOOBY,74.jpg,"(224, 224)",224,224,JPEG,RGB
valid,ABBOTTS BOOBY,90.jpg,"(224, 224)",224,224,JPEG,RGB
valid,ABBOTTS BOOBY,99.jpg,"(224, 224)",224,224,JPEG,RGB
valid,ABYSSINIAN GROUND HORNBILL,104.jpg,"(224, 224)",224,224,JPEG,RGB
valid,ABYSSINIAN GROUND HORNBILL,114.jpg,"(224, 224)",224,224,JPEG,RGB
valid,ABYSSINIAN GROUND HORNBILL,12.jpg,"(224, 224)",224,224,JPEG,RGB
valid,ABYSSINIAN GROUND HORNBILL,123.jpg,"(224, 224)",224,224,JPEG,RGB
valid,ABYSSINIAN GROUND HORNBILL,133.jpg,"(224, 224)",224,224,JPEG,RGB
valid,ABYSSINIAN GROUND HORNBILL,137.jpg,"(224, 224)",224,224,JPEG,RGB
valid,ABYSSINIAN GROUND HORNBILL,139.jpg,"(224, 224)",224,224,JPEG,RGB
valid,ABYSSINIAN GROUND HORNBILL,163.jpg,"(224, 224)",224,224,JPEG,RGB
valid,ABYSSINIAN GROUND HORNBILL,181.jpg,"(224, 224)",224,224,JPEG,RGB
valid,ABYSSINIAN GROUND HORNBILL,184.jpg,"(224, 224)",224,224,JPEG,RGB
valid,ABYSSINIAN GROUND HORNBILL,186.jpg,"(224, 224)",224,224,JPEG,RGB
valid,ABYSSINIAN GROUND HORNBILL,23.jpg,"(224, 224)",224,224,JPEG,RGB
valid,ABYSSINIAN GROUND HORNBILL,39.jpg,"(224, 224)",224,224,JPEG,RGB
valid,ABYSSINIAN GROUND HORNBILL,44.jpg,"(224, 224)",224,224,JPEG,RGB
valid,ABYSSINIAN GROUND HORNBILL,5.jpg,"(224, 224)",224,224,JPEG,RGB
valid,ABYSSINIAN GROUND HORNBILL,50.jpg,"(224, 224)",224,224,JPEG,RGB
valid,ABYSSINIAN GROUND HORNBILL,56.jpg,"(224, 224)",224,224,JPEG,RGB
valid,ABYSSINIAN GROUND HORNBILL,59.jpg,"(224, 224)",224,224,JPEG,RGB
valid,ABYSSINIAN GROUND HORNBILL,77.jpg,"(224, 224)",224,224,JPEG,RGB
valid,ABYSSINIAN GROUND HORNBILL,78.jpg,"(224, 224)",224,224,JPEG,RGB
valid,ABYSSINIAN GROUND HORNBILL,99.jpg,"(224, 224)",224,224,JPEG,RGB
valid,AFRICAN CROWNED CRANE,103.jpg,"(224, 224)",224,224,JPEG,RGB
valid,AFRICAN CROWNED CRANE,110.jpg,"(224, 224)",224,224,JPEG,RGB
valid,AFRICAN CROWNED CRANE,112.jpg,"(224, 224)",224,224,JPEG,RGB
valid,AFRICAN CROWNED CRANE,129.jpg,"(224, 224)",224,224,JPEG,RGB
valid,AFRICAN CROWNED CRANE,139.jpg,"(224, 224)",224,224,JPEG,RGB
valid,AFRICAN CROWNED CRANE,20.jpg,"(224, 224)",224,224,JPEG,RGB
valid,AFRICAN CROWNED CRANE,23.jpg,"(224, 224)",224,224,JPEG,RGB
valid,AFRICAN CROWNED CRANE,27.jpg,"(224, 224)",224,224,JPEG,RGB
valid,AFRICAN CROWNED CRANE,35.jpg,"(224, 224)",224,224,JPEG,RGB
valid,AFRICAN CROWNED CRANE,37.jpg,"(224, 224)",224,224,JPEG,RGB
valid,AFRICAN CROWNED CRANE,39.jpg,"(224, 224)",224,224,JPEG,RGB
valid,AFRICAN CROWNED CRANE,49.jpg,"(224, 224)",224,224,JPEG,RGB
valid,AFRICAN CROWNED CRANE,54.jpg,"(224, 224)",224,224,JPEG,RGB
valid,AFRICAN CROWNED CRANE,55.jpg,"(224, 224)",224,224,JPEG,RGB
valid,AFRICAN CROWNED CRANE,59.jpg,"(224, 224)",224,224,JPEG,RGB
valid,AFRICAN CROWNED CRANE,68.jpg,"(224, 224)",224,224,JPEG,RGB
valid,AFRICAN CROWNED CRANE,73.jpg,"(224, 224)",224,224,JPEG,RGB
valid,AFRICAN CROWNED CRANE,79.jpg,"(224, 224)",224,224,JPEG,RGB
valid,AFRICAN CROWNED CRANE,84.jpg,"(224, 224)",224,224,JPEG,RGB
valid,AFRICAN CROWNED CRANE,86.jpg,"(224, 224)",224,224,JPEG,RGB
valid,AFRICAN CROWNED CRANE,99.jpg,"(224, 224)",224,224,JPEG,RGB
valid,AFRICAN EMERALD CUCKOO,103.jpg,"(224, 224)",224,224,JPEG,RGB
valid,AFRICAN EMERALD CUCKOO,118.jpg,"(224, 224)",224,224,JPEG,RGB
valid,AFRICAN EMERALD CUCKOO,130.jpg,"(224, 224)",224,224,JPEG,RGB
valid,AFRICAN EMERALD CUCKOO,139.jpg,"(224, 224)",224,224,JPEG,RGB
valid,AFRICAN EMERALD CUCKOO,140.jpg,"(224, 224)",224,224,JPEG,RGB
valid,AFRICAN EMERALD CUCKOO,149.jpg,"(224, 224)",224,224,JPEG,RGB
valid,AFRICAN EMERALD CUCKOO,157.jpg,"(224, 224)",224,224,JPEG,RGB
valid,AFRICAN EMERALD CUCKOO,160.jpg,"(224, 224)",224,224,JPEG,RGB
valid,AFRICAN EMERALD CUCKOO,161.jpg,"(224, 224)",224,224,JPEG,RGB
valid,AFRICAN EMERALD CUCKOO,17.jpg,"(224, 224)",224,224,JPEG,RGB
valid,AFRICAN EMERALD CUCKOO,2.jpg,"(224, 224)",224,224,JPEG,RGB
valid,AFRICAN EMERALD CUCKOO,21.jpg,"(224, 224)",224,224,JPEG,RGB
valid,AFRICAN EMERALD CUCKOO,27.jpg,"(224, 224)",224,224,JPEG,RGB
valid,AFRICAN EMERALD CUCKOO,44.jpg,"(224, 224)",224,224,JPEG,RGB
valid,AFRICAN EMERALD CUCKOO,45.jpg,"(224, 224)",224,224,JPEG,RGB
valid,AFRICAN EMERALD CUCKOO,60.jpg,"(224, 224)",224,224,JPEG,RGB
valid,AFRICAN EMERALD CUCKOO,66.jpg,"(224, 224)",224,224,JPEG,RGB
valid,AFRICAN EMERALD CUCKOO,68.jpg,"(224, 224)",224,224,JPEG,RGB
valid,AFRICAN EMERALD CUCKOO,9.jpg,"(224, 224)",224,224,JPEG,RGB
valid,AFRICAN EMERALD CUCKOO,90.jpg,"(224, 224)",224,224,JPEG,RGB
valid,AFRICAN EMERALD CUCKOO,97.jpg,"(224, 224)",224,224,JPEG,RGB
valid,AFRICAN FIREFINCH,103.jpg,"(224, 224)",224,224,JPEG,RGB
valid,AFRICAN FIREFINCH,104.jpg,"(224, 224)",224,224,JPEG,RGB
valid,AFRICAN FIREFINCH,107.jpg,"(224, 224)",224,224,JPEG,RGB
valid,AFRICAN FIREFINCH,114.jpg,"(224, 224)",224,224,JPEG,RGB
valid,AFRICAN FIREFINCH,118.jpg,"(224, 224)",224,224,JPEG,RGB
valid,AFRICAN FIREFINCH,127.jpg,"(224, 224)",224,224,JPEG,RGB
valid,AFRICAN FIREFINCH,13.jpg,"(224, 224)",224,224,JPEG,RGB
valid,AFRICAN FIREFINCH,130.jpg,"(224, 224)",224,224,JPEG,RGB
valid,AFRICAN FIREFINCH,135.jpg,"(224, 224)",224,224,JPEG,RGB
valid,AFRICAN FIREFINCH,26.jpg,"(224, 224)",224,224,JPEG,RGB
valid,AFRICAN FIREFINCH,3.jpg,"(224, 224)",224,224,JPEG,RGB
valid,AFRICAN FIREFINCH,32.jpg,"(224, 224)",224,224,JPEG,RGB
valid,AFRICAN FIREFINCH,42.jpg,"(224, 224)",224,224,JPEG,RGB
valid,AFRICAN FIREFINCH,55.jpg,"(224, 224)",224,224,JPEG,RGB
valid,AFRICAN FIREFINCH,60.jpg,"(224, 224)",224,224,JPEG,RGB
valid,AFRICAN FIREFINCH,66.jpg,"(224, 224)",224,224,JPEG,RGB
valid,AFRICAN FIREFINCH,81.jpg,"(224, 224)",224,224,JPEG,RGB
valid,AFRICAN FIREFINCH,82.jpg,"(224, 224)",224,224,JPEG,RGB
valid,AFRICAN FIREFINCH,87.jpg,"(224, 224)",224,224,JPEG,RGB
valid,AFRICAN FIREFINCH,88.jpg,"(224, 224)",224,224,JPEG,RGB
valid,AFRICAN FIREFINCH,90.jpg,"(224, 224)",224,224,JPEG,RGB
valid,AFRICAN OYSTER CATCHER,104.jpg,"(224, 224)",224,224,JPEG,RGB
valid,AFRICAN OYSTER CATCHER,11.jpg,"(224, 224)",224,224,JPEG,RGB
valid,AFRICAN OYSTER CATCHER,135.jpg,"(224, 224)",224,224,JPEG,RGB
valid,AFRICAN OYSTER CATCHER,142.jpg,"(224, 224)",224,224,JPEG,RGB
valid,AFRICAN OYSTER CATCHER,147.jpg,"(224, 224)",224,224,JPEG,RGB
valid,AFRICAN OYSTER CATCHER,15.jpg,"(224, 224)",224,224,JPEG,RGB
valid,AFRICAN OYSTER CATCHER,153.jpg,"(224, 224)",224,224,JPEG,RGB
valid,AFRICAN OYSTER CATCHER,16.jpg,"(224, 224)",224,224,JPEG,RGB
valid,AFRICAN OYSTER CATCHER,161.jpg,"(224, 224)",224,224,JPEG,RGB
valid,AFRICAN OYSTER CATCHER,165.jpg,"(224, 224)",224,224,JPEG,RGB
valid,AFRICAN OYSTER CATCHER,25.jpg,"(224, 224)",224,224,JPEG,RGB
valid,AFRICAN OYSTER CATCHER,31.jpg,"(224, 224)",224,224,JPEG,RGB
valid,AFRICAN OYSTER CATCHER,34.jpg,"(224, 224)",224,224,JPEG,RGB
valid,AFRICAN OYSTER CATCHER,37.jpg,"(224, 224)",224,224,JPEG,RGB
valid,AFRICAN OYSTER CATCHER,39.jpg,"(224, 224)",224,224,JPEG,RGB
valid,AFRICAN OYSTER CATCHER,40.jpg,"(224, 224)",224,224,JPEG,RGB
valid,AFRICAN OYSTER CATCHER,45.jpg,"(224, 224)",224,224,JPEG,RGB
valid,AFRICAN OYSTER CATCHER,55.jpg,"(224, 224)",224,224,JPEG,RGB
valid,AFRICAN OYSTER CATCHER,63.jpg,"(224, 224)",224,224,JPEG,RGB
valid,AFRICAN OYSTER CATCHER,77.jpg,"(224, 224)",224,224,JPEG,RGB
valid,AFRICAN OYSTER CATCHER,86.jpg,"(224, 224)",224,224,JPEG,RGB
valid,AFRICAN PIED HORNBILL,1.jpg,"(224, 224)",224,224,JPEG,RGB
valid,AFRICAN PIED HORNBILL,100.jpg,"(224, 224)",224,224,JPEG,RGB
valid,AFRICAN PIED HORNBILL,108.jpg,"(224, 224)",224,224,JPEG,RGB
valid,AFRICAN PIED HORNBILL,127.jpg,"(224, 224)",224,224,JPEG,RGB
valid,AFRICAN PIED HORNBILL,13.jpg,"(224, 224)",224,224,JPEG,RGB
valid,AFRICAN PIED HORNBILL,130.jpg,"(224, 224)",224,224,JPEG,RGB
valid,AFRICAN PIED HORNBILL,131.jpg,"(224, 224)",224,224,JPEG,RGB
valid,AFRICAN PIED HORNBILL,138.jpg,"(224, 224)",224,224,JPEG,RGB
valid,AFRICAN PIED HORNBILL,145.jpg,"(224, 224)",224,224,JPEG,RGB
valid,AFRICAN PIED HORNBILL,151.jpg,"(224, 224)",224,224,JPEG,RGB
valid,AFRICAN PIED HORNBILL,162.jpg,"(224, 224)",224,224,JPEG,RGB
valid,AFRICAN PIED HORNBILL,167.jpg,"(224, 224)",224,224,JPEG,RGB
valid,AFRICAN PIED HORNBILL,182.jpg,"(224, 224)",224,224,JPEG,RGB
valid,AFRICAN PIED HORNBILL,23.jpg,"(224, 224)",224,224,JPEG,RGB
valid,AFRICAN PIED HORNBILL,34.jpg,"(224, 224)",224,224,JPEG,RGB
valid,AFRICAN PIED HORNBILL,47.jpg,"(224, 224)",224,224,JPEG,RGB
valid,AFRICAN PIED HORNBILL,7.jpg,"(224, 224)",224,224,JPEG,RGB
valid,AFRICAN PIED HORNBILL,76.jpg,"(224, 224)",224,224,JPEG,RGB
valid,AFRICAN PIED HORNBILL,84.jpg,"(224, 224)",224,224,JPEG,RGB
valid,AFRICAN PIED HORNBILL,91.jpg,"(224, 224)",224,224,JPEG,RGB
valid,AFRICAN PIED HORNBILL,99.jpg,"(224, 224)",224,224,JPEG,RGB
valid,AFRICAN PYGMY GOOSE,103.jpg,"(224, 224)",224,224,JPEG,RGB
valid,AFRICAN PYGMY GOOSE,12.jpg,"(224, 224)",224,224,JPEG,RGB
valid,AFRICAN PYGMY GOOSE,124.jpg,"(224, 224)",224,224,JPEG,RGB
valid,AFRICAN PYGMY GOOSE,128.jpg,"(224, 224)",224,224,JPEG,RGB
valid,AFRICAN PYGMY GOOSE,143.jpg,"(224, 224)",224,224,JPEG,RGB
valid,AFRICAN PYGMY GOOSE,150.jpg,"(224, 224)",224,224,JPEG,RGB
valid,AFRICAN PYGMY GOOSE,158.jpg,"(224, 224)",224,224,JPEG,RGB
valid,AFRICAN PYGMY GOOSE,166.jpg,"(224, 224)",224,224,JPEG,RGB
valid,AFRICAN PYGMY GOOSE,172.jpg,"(224, 224)",224,224,JPEG,RGB
valid,AFRICAN PYGMY GOOSE,32.jpg,"(224, 224)",224,224,JPEG,RGB
valid,AFRICAN PYGMY GOOSE,38.jpg,"(224, 224)",224,224,JPEG,RGB
valid,AFRICAN PYGMY GOOSE,4.jpg,"(224, 224)",224,224,JPEG,RGB
valid,AFRICAN PYGMY GOOSE,41.jpg,"(224, 224)",224,224,JPEG,RGB
valid,AFRICAN PYGMY GOOSE,44.jpg,"(224, 224)",224,224,JPEG,RGB
valid,AFRICAN PYGMY GOOSE,48.jpg,"(224, 224)",224,224,JPEG,RGB
valid,AFRICAN PYGMY GOOSE,50.jpg,"(224, 224)",224,224,JPEG,RGB
valid,AFRICAN PYGMY GOOSE,64.jpg,"(224, 224)",224,224,JPEG,RGB
valid,AFRICAN PYGMY GOOSE,69.jpg,"(224, 224)",224,224,JPEG,RGB
valid,AFRICAN PYGMY GOOSE,88.jpg,"(224, 224)",224,224,JPEG,RGB
valid,AFRICAN PYGMY GOOSE,93.jpg,"(224, 224)",224,224,JPEG,RGB
valid,AFRICAN PYGMY GOOSE,98.jpg,"(224, 224)",224,224,JPEG,RGB
valid,ALBATROSS,106.jpg,"(224, 224)",224,224,JPEG,RGB
valid,ALBATROSS,122.jpg,"(224, 224)",224,224,JPEG,RGB
valid,ALBATROSS,130.jpg,"(224, 224)",224,224,JPEG,RGB
valid,ALBATROSS,134.jpg,"(224, 224)",224,224,JPEG,RGB
valid,ALBATROSS,140.jpg,"(224, 224)",224,224,JPEG,RGB
valid,ALBATROSS,141.jpg,"(224, 224)",224,224,JPEG,RGB
valid,ALBATROSS,16.jpg,"(224, 224)",224,224,JPEG,RGB
valid,ALBATROSS,2.jpg,"(224, 224)",224,224,JPEG,RGB
valid,ALBATROSS,22.jpg,"(224, 224)",224,224,JPEG,RGB
valid,ALBATROSS,33.jpg,"(224, 224)",224,224,JPEG,RGB
valid,ALBATROSS,36.jpg,"(224, 224)",224,224,JPEG,RGB
valid,ALBATROSS,4.jpg,"(224, 224)",224,224,JPEG,RGB
valid,ALBATROSS,48.jpg,"(224, 224)",224,224,JPEG,RGB
valid,ALBATROSS,53.jpg,"(224, 224)",224,224,JPEG,RGB
valid,ALBATROSS,6.jpg,"(224, 224)",224,224,JPEG,RGB
valid,ALBATROSS,66.jpg,"(224, 224)",224,224,JPEG,RGB
valid,ALBATROSS,72.jpg,"(224, 224)",224,224,JPEG,RGB
valid,ALBATROSS,79.jpg,"(224, 224)",224,224,JPEG,RGB
valid,ALBATROSS,83.jpg,"(224, 224)",224,224,JPEG,RGB
valid,ALBATROSS,86.jpg,"(224, 224)",224,224,JPEG,RGB
valid,ALBATROSS,92.jpg,"(224, 224)",224,224,JPEG,RGB
